Experience_Years,Education_Years,Projects_Completed,Certifications,Salary
1,16,8,1,36925.0
6,17,22,1,75547.0
13,15,21,0,95457.0
13,18,8,10,113420.0
20,17,16,7,123389.0
19,16,29,10,134844.0
5,17,5,2,73202.0
12,15,10,6,93950.0
2,17,22,2,72440.0
13,16,30,3,114100.0
0,12,3,0,37877.0
7,15,25,4,95830.0
0,19,4,5,75868.0
7,15,29,10,91500.0
15,15,2,4,104985.0
20,19,29,1,132726.0
1,17,20,8,81328.0
16,13,30,2,111566.0
6,16,25,5,75386.0
4,12,14,3,58892.0
19,17,3,3,114069.0
16,12,5,1,99106.0
17,15,4,9,130304.0
9,20,14,6,105228.0
20,20,24,5,145806.0
15,12,19,5,107552.0
15,15,16,5,105424.0
20,14,4,1,128998.0
9,14,8,5,82020.0
6,13,9,5,68739.0
8,19,13,8,95956.0
0,20,21,8,73742.0
15,18,16,4,115986.0
3,15,0,2,75954.0
4,16,28,2,74327.0
1,16,3,1,64661.0
5,20,18,0,88260.0
9,20,28,0,95548.0
17,14,14,6,116338.0
19,18,16,10,142768.0
2,15,22,3,75620.0
3,18,26,2,78635.0
3,20,8,2,67450.0
9,20,30,3,98230.0
6,19,10,8,91800.0
0,19,21,7,81132.0
13,12,15,9,105039.0
5,14,18,0,70961.0
15,17,14,7,112042.0
11,14,23,9,105644.0
11,14,16,2,94485.0
12,12,29,8,101255.0
14,16,18,7,110641.0
7,18,18,4,96641.0
0,13,22,2,52303.0
7,12,12,10,93674.0
2,19,7,5,63392.0
20,13,20,3,139228.0
4,18,16,5,71150.0
0,16,23,7,72286.0
20,19,7,7,137642.0
1,19,0,1,74028.0
2,15,2,6,71428.0
15,19,16,9,131234.0
0,17,5,4,50786.0
14,15,30,8,113126.0
11,13,8,7,88568.0
1,17,14,9,75939.0
14,16,17,4,106183.0
0,17,4,9,68328.0
19,19,1,3,126284.0
19,15,21,0,103089.0
16,14,20,10,120182.0
20,17,26,4,134645.0
3,12,7,5,61795.0
19,15,25,7,127147.0
2,17,27,4,76731.0
5,13,0,10,79140.0
5,18,22,3,79288.0
14,18,25,3,109566.0
7,19,1,6,89007.0
12,16,27,8,109246.0
16,18,15,9,114548.0
3,13,11,1,76312.0
1,19,4,0,63374.0
5,16,25,2,78339.0
17,14,14,5,122246.0
2,20,21,1,65633.0
13,18,24,0,117631.0
17,19,0,5,118634.0
3,19,1,0,67203.0
19,19,14,1,122310.0
8,19,19,0,98643.0
3,19,26,8,94541.0
1,12,11,3,51068.0
14,18,22,4,120147.0
4,15,24,9,91222.0
6,14,14,7,78430.0
2,14,3,9,59769.0
0,12,7,10,49385.0
0,19,17,4,75922.0
12,20,26,2,113896.0
8,15,3,9,77994.0
16,15,5,7,106589.0
11,13,5,9,89964.0
1,18,26,7,81776.0
4,12,13,5,73443.0
10,14,11,4,84125.0
17,20,3,3,118724.0
20,18,17,5,141583.0
6,15,18,8,82032.0
19,19,22,5,128797.0
10,14,25,8,109477.0
9,13,12,1,75863.0
0,15,16,4,56386.0
7,20,20,6,94926.0
0,18,13,6,65745.0
8,16,13,8,98808.0
16,15,25,0,114501.0
7,20,2,6,92375.0
5,18,7,8,68581.0
16,20,1,8,129737.0
18,18,13,2,114306.0
6,16,4,7,77791.0
10,18,29,4,107722.0
8,17,30,8,100568.0
0,16,18,9,58913.0
0,20,17,10,75767.0
6,20,30,5,93588.0
15,17,13,3,116094.0
17,20,3,7,129840.0
9,19,25,5,109571.0
17,14,8,7,115032.0
13,20,2,10,125415.0
14,17,30,3,114824.0
20,14,14,6,117764.0
3,16,28,2,88676.0
13,14,28,7,120561.0
20,18,3,9,137856.0
19,12,12,5,110752.0
4,20,23,4,95382.0
18,15,10,7,119315.0
1,19,2,7,73133.0
13,14,17,6,98101.0
0,16,23,4,71070.0
11,18,18,1,100253.0
8,19,18,3,92558.0
4,20,13,10,98980.0
4,20,15,8,77638.0
4,16,17,10,69491.0
19,20,6,7,134622.0
14,12,10,6,106634.0
1,14,28,9,75246.0
17,15,15,6,118558.0
13,15,20,8,110287.0
6,18,2,2,93982.0
19,17,26,10,142860.0
6,20,14,5,88945.0
12,17,24,5,105295.0
9,17,18,5,101503.0
8,14,5,10,84125.0
13,16,21,9,112266.0
4,12,4,9,68478.0
20,16,16,1,134776.0
13,13,15,5,101927.0
19,12,12,3,105637.0
11,16,16,5,111632.0
18,17,15,7,120300.0
13,20,3,8,113580.0
2,17,4,9,79898.0
20,17,4,8,127137.0
16,16,0,6,112059.0
13,17,27,10,130861.0
13,12,27,0,90314.0
17,14,6,2,110247.0
7,16,17,9,104067.0
16,15,22,1,117369.0
19,15,14,10,129233.0
14,17,1,7,103079.0
13,20,17,10,113781.0
8,12,2,0,70613.0
15,17,7,3,113831.0
7,18,26,10,102901.0
20,20,25,7,142632.0
15,15,23,7,117412.0
0,15,28,8,74062.0
4,16,1,2,66557.0
7,14,14,2,86803.0
15,16,29,1,120462.0
7,20,6,9,89430.0
11,15,25,6,103919.0
14,18,16,5,109107.0
14,17,8,4,107818.0
9,20,27,5,117168.0
3,12,21,5,63597.0
19,16,17,8,128301.0
14,19,1,6,101162.0
8,16,21,6,89578.0
2,17,27,10,88151.0
20,16,11,9,129797.0
12,20,29,8,126237.0
17,14,16,10,117602.0
8,14,8,5,79652.0
15,15,3,5,111586.0
16,14,11,6,111283.0
19,15,7,7,120010.0
4,20,9,10,81924.0
13,16,3,3,96629.0
3,19,30,6,84706.0
13,18,22,6,121913.0
13,17,6,6,112196.0
14,18,25,8,118932.0
18,19,15,4,133980.0
19,13,15,5,101412.0
9,19,18,6,114306.0
18,15,22,2,126162.0
15,14,15,5,106903.0
9,15,13,3,93989.0
9,14,8,10,89182.0
1,20,28,8,78784.0
1,13,0,10,58288.0
6,20,10,5,92869.0
6,15,4,5,76501.0
9,12,11,1,85229.0
4,20,8,0,80428.0
10,15,4,10,94836.0
20,20,24,6,145211.0
12,18,19,4,116243.0
5,19,26,0,95827.0
7,18,12,7,86763.0
17,18,10,5,120604.0
16,15,15,2,109405.0
20,12,4,10,123693.0
10,18,18,1,114067.0
11,13,4,4,85370.0
17,15,0,2,110160.0
7,17,3,9,95449.0
14,16,8,5,117107.0
13,17,23,6,116524.0
0,16,3,8,57075.0
5,13,19,3,73289.0
5,19,29,0,89052.0
9,16,10,9,95081.0
18,18,30,9,152994.0
19,15,25,9,134998.0
0,12,29,7,74599.0
14,17,17,2,99521.0
0,17,3,6,69606.0
19,19,24,7,140704.0
8,19,11,4,83294.0
20,12,10,2,114211.0
2,19,12,7,80267.0
4,15,6,10,78906.0
13,12,28,2,111638.0
13,16,19,5,95512.0
14,19,23,2,115182.0
14,20,24,4,108247.0
17,19,20,8,130930.0
13,14,7,2,92428.0
11,12,22,1,98159.0
2,14,5,10,65303.0
18,12,1,4,104751.0
10,12,8,1,91712.0
1,14,22,1,75665.0
18,19,29,1,121544.0
6,13,27,7,80042.0
0,17,3,8,64149.0
10,15,22,1,98636.0
9,14,15,5,97558.0
17,13,20,1,117359.0
14,14,4,10,118660.0
14,15,29,5,115742.0
19,12,4,10,129242.0
10,18,7,9,115393.0
5,19,30,0,94377.0
19,19,16,5,132078.0
7,17,28,7,91523.0
10,12,16,7,94798.0
1,15,7,6,64451.0
1,17,3,4,73242.0
9,15,30,8,105704.0
6,16,0,2,74357.0
8,16,10,5,94854.0
20,16,25,9,129884.0
3,15,22,7,95889.0
0,16,6,0,55918.0
20,20,23,10,153663.0
5,13,30,8,72705.0
5,12,25,0,78548.0
10,16,6,5,88724.0
5,12,14,1,64060.0
1,18,15,1,69595.0
3,12,0,9,73652.0
0,18,29,10,74769.0
16,20,25,0,134478.0
11,14,9,6,105319.0
19,18,6,0,120169.0
0,15,8,9,59891.0
12,13,17,9,97114.0
2,16,29,5,66544.0
11,14,23,8,112922.0
20,18,14,2,134188.0
17,13,8,5,102819.0
10,16,29,4,92015.0
16,15,17,7,119001.0
5,15,27,5,93559.0
0,18,7,8,73624.0
10,19,6,8,104989.0
11,12,18,3,96986.0
12,12,5,1,74499.0
8,16,6,2,81209.0
0,20,6,3,65861.0
12,15,28,10,112226.0
3,13,3,3,50937.0
6,12,9,0,68565.0
4,15,27,0,81324.0
20,12,4,0,95784.0
13,15,9,0,94235.0
8,13,10,1,86033.0
3,18,7,6,76356.0
17,19,10,0,123683.0
13,17,11,2,101117.0
3,19,23,9,84886.0
3,15,22,1,60861.0
7,14,25,1,92554.0
18,18,1,9,127896.0
9,12,26,6,94967.0
14,17,4,6,98790.0
4,16,16,8,91809.0
10,20,25,6,114824.0
10,19,1,5,101863.0
12,19,12,2,117492.0
16,20,30,0,139359.0
4,18,5,0,67360.0
12,13,14,2,92199.0
13,20,27,6,115594.0
6,13,9,4,62766.0
18,17,21,4,123607.0
18,12,24,8,113535.0
8,12,2,7,88011.0
4,13,23,2,79380.0
10,17,22,7,104252.0
5,13,13,1,59199.0
3,13,25,3,70612.0
19,14,7,9,130969.0
6,13,16,3,70973.0
3,17,6,6,65286.0
13,16,8,6,103825.0
12,20,10,10,110415.0
11,17,1,2,100826.0
1,18,27,0,72864.0
10,17,19,4,94318.0
15,15,7,3,108793.0
15,13,4,6,100495.0
9,20,2,8,97191.0
9,17,24,5,100830.0
3,20,8,5,87713.0
6,20,14,6,96348.0
16,18,14,5,112754.0
8,12,22,2,87298.0
0,12,25,1,65225.0
6,13,7,4,80252.0
2,13,9,1,55177.0
4,17,21,6,84953.0
16,12,25,7,116764.0
17,12,13,1,114742.0
2,17,1,4,57326.0
20,18,13,4,133800.0
0,13,0,1,53935.0
20,20,10,6,129992.0
12,15,10,1,97887.0
7,13,26,5,79936.0
3,18,19,3,75441.0
10,13,19,1,80940.0
20,15,23,5,120842.0
12,17,22,6,116368.0
17,14,23,5,125384.0
5,20,11,8,86922.0
4,17,6,1,72659.0
7,16,9,5,88086.0
9,13,15,7,97383.0
12,16,17,7,111914.0
18,15,23,4,127225.0
10,12,18,4,78353.0
3,17,1,7,70392.0
20,15,9,9,137271.0
7,14,9,1,83845.0
0,18,20,5,75276.0
11,14,27,9,108752.0
5,16,0,0,61089.0
20,17,22,5,130834.0
5,14,4,1,72512.0
15,13,20,1,116971.0
17,18,13,6,129321.0
0,17,30,1,77487.0
1,14,4,1,59515.0
13,13,0,3,90082.0
17,16,13,0,108985.0
15,18,16,5,110922.0
9,12,17,8,78384.0
0,15,11,0,49796.0
9,18,19,8,95907.0
1,17,6,10,71610.0
11,13,11,5,82855.0
17,17,7,6,111697.0
13,19,9,5,108608.0
13,18,15,3,113478.0
6,18,0,7,80007.0
11,15,15,6,101567.0
2,20,24,3,84016.0
3,17,28,7,76325.0
9,13,0,7,93000.0
5,14,20,9,66995.0
20,15,17,0,110060.0
8,20,16,10,103496.0
2,20,29,9,79504.0
16,13,11,7,107915.0
0,16,10,5,64379.0
20,18,30,7,149334.0
10,16,0,9,93559.0
5,12,29,10,76093.0
5,19,16,1,84761.0
14,18,1,8,118300.0
7,20,8,7,96743.0
8,14,30,1,106988.0
15,20,14,8,116733.0
1,15,18,3,61892.0
3,16,25,8,87681.0
8,16,19,5,96108.0
4,17,11,3,76458.0
0,19,1,0,51596.0
20,16,25,8,130372.0
15,17,8,2,113689.0
14,19,6,7,113980.0
10,20,23,4,107210.0
3,13,7,1,56426.0
5,20,17,1,68627.0
20,16,22,1,141732.0
16,12,16,3,110136.0
17,16,0,8,108538.0
3,14,29,8,76074.0
9,12,0,3,78591.0
15,16,4,7,106701.0
4,16,5,10,81760.0
15,18,7,1,101060.0
9,18,23,9,104918.0
1,12,17,0,61230.0
18,19,28,1,132542.0
8,16,8,1,85495.0
8,12,7,2,78253.0
14,16,28,7,115826.0
11,17,10,4,100367.0
0,20,2,4,58664.0
2,14,27,4,67230.0
10,15,24,9,105469.0
12,20,14,7,98543.0
6,19,0,1,85995.0
6,17,5,3,77404.0
9,13,11,0,83206.0
17,13,5,10,107928.0
10,13,1,3,73546.0
17,16,17,4,115234.0
1,12,14,3,52874.0
1,16,13,5,67202.0
5,17,0,4,73896.0
13,13,27,4,124797.0
18,16,16,2,95998.0
6,16,18,0,91167.0
8,14,6,9,78174.0
7,14,2,10,95190.0
2,19,16,2,79060.0
6,19,7,10,81485.0
0,14,29,6,67368.0
3,16,9,10,76940.0
19,17,18,2,117713.0
13,14,0,10,104308.0
7,13,12,1,80410.0
10,17,8,5,101983.0
6,18,3,5,78207.0
5,16,13,0,63967.0
13,20,19,8,109858.0
19,13,7,3,114339.0
17,20,20,2,121529.0
20,19,21,8,136132.0
2,13,21,1,77045.0
2,12,13,2,63485.0
10,18,11,4,108053.0
11,16,26,9,96535.0
14,13,14,10,103591.0
20,16,23,9,133669.0
10,18,29,9,117967.0
3,20,18,9,86231.0
9,18,20,10,103506.0
12,14,18,7,97215.0
2,14,6,6,54262.0
13,19,16,9,115892.0
0,17,5,1,74911.0
16,13,7,0,88298.0
1,13,23,0,72508.0
1,18,2,3,77287.0
16,19,5,0,119879.0
16,16,0,8,103043.0
16,19,8,6,125199.0
12,17,21,6,108867.0
17,20,3,7,113881.0
11,16,3,6,88403.0
4,13,20,3,58257.0
4,16,10,2,59956.0
18,13,7,7,114075.0
14,13,18,5,107086.0
4,16,3,9,70865.0
3,18,19,5,72659.0
18,20,1,3,118950.0
12,14,27,5,101122.0
8,18,17,5,99059.0
4,13,30,3,88727.0
15,15,26,2,106090.0
17,20,26,9,140748.0
2,19,11,1,65726.0
1,16,30,10,81212.0
19,13,26,6,123204.0
5,18,14,4,86735.0
10,14,5,10,82889.0
9,14,25,7,90428.0
5,13,29,5,92735.0
6,13,24,1,78983.0
16,12,26,0,119040.0
1,20,8,8,67213.0
6,20,19,3,102079.0
18,16,5,3,121833.0
16,12,29,8,115406.0
9,13,23,5,84885.0
3,17,4,7,85143.0
12,13,17,8,99901.0
11,14,12,1,88788.0
18,20,18,6,141520.0
8,13,1,9,96349.0
20,17,24,5,139916.0
1,18,12,8,72969.0
14,19,29,5,117054.0
9,17,23,5,95142.0
1,12,11,2,55066.0
12,16,16,1,104006.0
4,17,17,0,80659.0
16,17,27,5,118627.0
16,14,8,6,102221.0
7,14,7,3,82761.0
1,15,0,9,48390.0
3,14,15,5,66593.0
0,12,25,9,77567.0
8,18,14,6,81930.0
15,12,17,5,102263.0
17,12,18,4,124227.0
12,20,6,5,103313.0
13,12,3,4,101783.0
13,16,22,10,126715.0
18,15,29,1,123308.0
16,13,22,0,106473.0
2,16,29,7,79776.0
15,19,21,7,120094.0
15,20,13,10,123860.0
15,15,7,0,102414.0
14,15,25,10,124944.0
6,15,0,9,85466.0
18,20,2,3,119988.0
19,19,29,2,145161.0
5,16,14,6,86699.0
18,13,4,6,105806.0
16,15,18,9,124921.0
3,12,21,8,80072.0
15,18,12,0,119580.0
6,13,11,2,69095.0
0,15,20,3,67128.0
18,20,15,10,151351.0
20,12,7,10,128300.0
1,12,26,9,73864.0
14,14,16,4,95844.0
11,15,9,9,108635.0
12,14,5,6,91349.0
0,13,15,7,62021.0
16,19,29,0,125305.0
11,15,12,8,93282.0
6,17,27,8,93209.0
4,19,24,3,72333.0
5,14,8,0,70988.0
2,17,27,5,82214.0
18,18,19,10,133017.0
8,18,9,1,72983.0
4,20,25,1,74520.0
7,19,20,7,90342.0
9,20,20,6,111027.0
20,20,2,2,138043.0
7,16,19,5,86520.0
5,15,20,9,97837.0
16,18,25,2,120382.0
16,18,30,10,132708.0
6,13,1,2,72350.0
16,13,8,8,108697.0
13,14,14,10,109165.0
9,15,13,6,90141.0
8,13,12,2,92449.0
8,12,7,2,73516.0
16,14,15,7,120987.0
6,17,10,6,86008.0
9,12,6,6,71053.0
3,18,9,2,62307.0
0,20,18,7,83625.0
15,15,17,8,112875.0
3,12,18,7,83882.0
4,15,5,5,85562.0
20,13,4,7,106843.0
2,15,2,6,77682.0
15,17,11,8,118315.0
14,20,15,6,113431.0
1,14,3,5,56062.0
17,13,29,4,125860.0
5,18,10,10,73007.0
2,12,21,9,64573.0
9,16,7,7,77186.0
1,14,14,1,53978.0
9,18,1,4,89600.0
15,14,17,1,118686.0
6,19,24,7,85172.0
5,13,10,7,75533.0
0,15,2,5,52494.0
12,14,11,7,103878.0
3,13,3,6,62901.0
2,18,26,3,80609.0
19,13,1,2,110796.0
4,17,27,8,96321.0
15,19,6,1,118474.0
20,16,10,9,143284.0
6,17,10,1,76469.0
9,20,5,6,107483.0
5,19,4,7,82526.0
20,14,7,9,123207.0
2,13,21,8,83442.0
3,17,9,3,78703.0
2,18,21,4,80498.0
3,13,11,3,71450.0
14,19,5,0,107228.0
8,16,10,1,77504.0
16,19,22,2,116109.0
2,17,4,9,81451.0
12,15,15,1,96926.0
5,20,14,7,85856.0
0,15,13,5,62227.0
9,12,6,5,90007.0
10,14,15,8,104451.0
4,17,28,3,83757.0
4,16,29,2,82140.0
19,20,10,4,120131.0
18,15,24,7,125793.0
19,20,0,7,134741.0
14,15,28,7,112634.0
16,20,0,0,105108.0
17,12,24,4,117553.0
1,13,19,5,53904.0
15,16,19,6,116984.0
3,18,12,5,74685.0
19,14,14,8,123513.0
6,20,4,8,84132.0
7,18,20,2,96622.0
6,20,9,3,84273.0
12,13,27,2,102494.0
18,13,25,1,124669.0
12,17,29,5,119347.0
4,20,21,10,94700.0
11,14,20,1,100605.0
19,13,22,1,130132.0
14,12,1,4,83520.0
12,16,13,6,110256.0
18,18,14,4,120631.0
16,13,27,10,126173.0
14,17,4,9,100714.0
18,12,15,2,101533.0
6,15,26,8,82343.0
6,19,15,4,91062.0
9,13,27,3,100702.0
13,18,12,8,106028.0
7,15,25,9,94412.0
0,17,27,6,88408.0
18,19,3,7,116572.0
0,20,27,1,76706.0
11,16,26,10,122465.0
3,14,26,0,69550.0
4,14,21,5,72895.0
1,17,15,3,63279.0
19,20,15,5,141636.0
5,16,20,10,107162.0
9,18,8,10,105852.0
18,14,28,7,121862.0
6,17,30,1,92319.0
14,20,4,4,101882.0
16,20,0,4,111975.0
11,14,1,8,97854.0
2,13,30,3,74519.0
5,14,30,8,84505.0
4,12,24,8,77228.0
13,14,16,3,107197.0
17,14,21,6,120400.0
18,15,29,1,113969.0
13,18,26,9,120952.0
2,14,19,0,57283.0
17,17,17,10,130184.0
0,14,2,6,64417.0
0,14,22,4,64671.0
14,20,28,2,127936.0
19,13,1,9,136014.0
19,20,27,4,139426.0
7,16,25,10,107150.0
12,17,17,8,110934.0
6,17,17,3,82204.0
17,19,15,3,125940.0
5,12,12,8,66313.0
9,13,6,3,85485.0
11,16,12,7,98780.0
14,15,9,4,100213.0
18,16,24,6,127256.0
14,20,5,1,122475.0
10,16,19,4,100422.0
6,12,27,0,70899.0
3,18,2,4,74920.0
8,12,11,1,65223.0
7,19,6,1,89064.0
13,12,30,1,99521.0
15,17,6,1,108893.0
20,20,3,6,129274.0
4,19,17,4,83098.0
6,18,26,4,87137.0
0,13,21,3,59880.0
2,16,28,2,66840.0
1,16,25,4,82851.0
5,12,29,2,78846.0
18,16,30,6,135025.0
4,12,9,7,76176.0
17,13,5,4,112027.0
15,19,16,3,114805.0
20,18,27,8,140983.0
17,18,11,7,122314.0
11,19,21,6,113448.0
19,18,6,3,123529.0
19,14,16,10,141152.0
5,17,0,1,74211.0
19,13,25,4,133191.0
15,18,20,2,118880.0
13,17,3,2,103582.0
19,20,25,10,143860.0
0,20,20,10,67962.0
12,13,10,2,84484.0
17,19,13,0,131070.0
17,14,16,8,121426.0
8,19,14,8,74049.0
14,19,5,4,114682.0
5,20,2,8,95540.0
18,14,19,5,132230.0
16,12,4,6,100869.0
18,15,3,6,114351.0
18,17,25,6,129618.0
15,14,15,9,120133.0
5,14,2,3,80579.0
12,17,1,2,96541.0
7,18,23,8,87333.0
19,20,30,5,150474.0
7,14,2,2,71176.0
5,16,17,9,77030.0
20,18,29,3,140699.0
5,19,7,5,85958.0
3,18,7,4,65437.0
0,18,4,10,84465.0
16,20,18,8,145272.0
13,16,27,4,109391.0
17,18,26,0,125869.0
17,17,30,2,132339.0
9,20,4,8,113452.0
19,13,5,5,113651.0
14,14,9,6,93781.0
3,12,0,4,55435.0
18,17,2,8,117722.0
6,15,29,0,86166.0
5,20,25,9,93451.0
7,12,4,7,81335.0
19,17,19,5,132316.0
10,18,21,8,98562.0
9,20,12,0,89521.0
16,13,22,0,105302.0
15,14,28,3,111278.0
18,16,16,10,120108.0
20,20,22,8,138605.0
10,17,16,8,95620.0
15,19,3,8,120658.0
20,19,14,7,139619.0
1,17,20,2,82035.0
5,12,25,0,73025.0
1,17,22,2,77862.0
8,20,30,9,108172.0
2,17,27,1,78884.0
20,12,11,10,127770.0
13,14,5,6,96247.0
19,16,21,3,135291.0
5,17,26,4,80829.0
2,12,16,2,59068.0
2,12,11,10,54017.0
20,18,15,5,126172.0
6,20,22,8,111822.0
6,15,16,8,83680.0
20,12,26,2,136166.0
10,19,5,8,91641.0
10,12,27,1,92857.0
16,16,24,0,120356.0
11,17,0,8,92953.0
11,18,15,5,99174.0
8,13,29,2,96325.0
6,14,10,8,72664.0
13,15,15,6,110885.0
14,18,12,8,114281.0
10,14,11,2,92568.0
14,20,25,9,140284.0
4,14,12,7,65611.0
3,14,30,5,81203.0
17,14,28,4,120984.0
10,14,30,5,107597.0
17,16,10,5,118624.0
12,18,1,5,96825.0
1,18,4,4,62223.0
14,16,15,6,115937.0
2,12,22,0,68757.0
4,17,8,5,80178.0
2,12,19,7,72891.0
13,14,14,6,107812.0
13,20,22,9,109527.0
4,15,7,6,79181.0
11,19,21,1,105450.0
2,20,4,0,60127.0
0,20,28,1,101328.0
13,17,14,3,109085.0
17,15,15,5,111668.0
19,12,5,0,118924.0
3,14,17,5,73914.0
16,18,28,1,132694.0
16,16,18,6,113970.0
18,13,13,5,112833.0
7,20,2,9,87766.0
3,16,30,6,95248.0
17,18,16,9,126778.0
16,17,7,3,111040.0
8,12,23,7,81265.0
18,14,10,10,117857.0
14,17,2,7,105409.0
9,18,19,5,99020.0
1,18,3,7,67447.0
0,14,1,6,56763.0
8,12,18,5,86400.0
13,18,17,3,107288.0
3,13,30,6,76324.0
8,19,19,2,96915.0
18,14,5,2,98002.0
15,14,13,1,112059.0
10,18,22,2,96676.0
11,12,7,7,96373.0
3,13,10,1,69920.0
9,17,3,3,80574.0
17,20,7,5,115776.0
15,19,6,1,107877.0
5,15,23,9,82208.0
3,16,16,0,73207.0
6,14,26,7,85265.0
9,12,27,4,93222.0
18,18,19,0,135683.0
15,12,28,4,106668.0
12,17,18,5,107456.0
9,14,25,9,95402.0
13,18,9,10,114967.0
12,12,27,1,109305.0
16,15,1,4,103707.0
14,16,1,10,108979.0
17,13,13,8,132339.0
15,18,13,7,137814.0
13,15,10,3,96368.0
20,14,12,3,100335.0
17,12,15,10,123392.0
18,20,2,5,120781.0
14,18,9,7,113225.0
7,16,12,2,70083.0
11,18,6,0,92224.0
4,19,19,6,90209.0
13,16,22,1,104892.0
12,16,14,10,109459.0
3,19,23,7,79187.0
8,14,0,5,94026.0
8,18,28,8,105783.0
12,20,24,8,128840.0
7,18,10,10,84999.0
15,15,19,7,112993.0
19,20,9,2,134980.0
11,12,10,6,91612.0
14,20,4,7,108958.0
14,17,17,8,103007.0
18,14,24,6,135046.0
15,19,29,0,118201.0
19,14,9,2,117408.0
7,14,27,9,87472.0
10,16,7,3,93752.0
7,12,25,6,93752.0
14,15,24,3,112956.0
1,12,12,7,63885.0
6,13,1,9,79656.0
17,13,15,7,110713.0
20,13,20,3,123487.0
11,18,30,0,91138.0
7,18,28,4,95892.0
8,14,2,5,89898.0
11,14,6,3,90260.0
19,12,0,7,101550.0
14,19,10,3,103368.0
10,20,25,0,101979.0
3,18,16,6,86653.0
4,12,17,0,61291.0
14,14,4,2,98813.0
13,20,13,0,106773.0
10,14,16,2,93141.0
6,13,28,10,85753.0
13,16,5,3,101174.0
20,12,16,5,127045.0
18,20,7,3,116299.0
9,16,0,9,99059.0
18,19,23,6,125278.0
2,14,4,0,62384.0
7,14,11,0,73475.0
0,20,18,9,69447.0
0,15,29,2,76188.0
19,12,1,6,98946.0
5,13,11,9,71242.0
2,19,5,0,56148.0
0,20,17,9,79039.0
1,17,27,4,73088.0
10,19,29,10,99754.0
4,16,30,9,99463.0
10,17,10,5,105382.0
4,14,30,0,71172.0
18,14,6,6,122092.0
11,15,27,8,97613.0
4,18,5,8,79242.0
18,17,1,8,119192.0
11,14,1,2,81322.0
3,20,15,1,83017.0
14,19,1,9,101963.0
18,14,28,4,132346.0
19,16,18,2,131167.0
15,13,11,3,118977.0
3,12,23,3,61970.0
12,16,0,1,80919.0
12,18,2,3,99651.0
2,17,12,4,63608.0
5,12,19,6,67602.0
3,13,18,5,78006.0
4,14,4,1,62822.0
13,15,15,5,107167.0
11,13,15,9,101771.0
5,19,2,8,82905.0
6,19,16,9,97565.0
6,18,13,0,67197.0
3,20,1,2,83254.0
20,15,11,2,125180.0
12,15,28,6,97072.0
17,20,21,5,130999.0
0,20,1,7,79329.0
3,20,18,9,86492.0
8,17,19,4,87825.0
1,20,12,5,74762.0
0,19,13,3,60220.0
5,14,28,9,100777.0
2,17,13,3,70681.0
15,12,4,2,99809.0
11,14,21,3,108827.0
1,12,20,10,75528.0
10,15,11,8,104330.0
7,19,9,5,87469.0
18,18,30,9,138211.0
7,18,4,8,98255.0
11,12,26,8,100978.0
8,20,24,8,115237.0
11,19,7,8,114607.0
16,18,28,8,133870.0
18,12,7,4,115285.0
6,20,16,4,81906.0
19,19,18,8,134185.0
7,19,12,3,92338.0
10,20,3,8,103182.0
12,19,16,8,107662.0
18,14,10,1,113307.0
15,20,27,10,139976.0
20,15,11,8,123428.0
18,13,24,5,116367.0
3,19,28,7,86737.0
14,18,20,3,119247.0
12,16,8,10,117210.0
0,13,22,2,66324.0
18,12,12,5,131737.0
5,19,30,0,90151.0
18,15,16,4,120205.0
0,14,9,5,51738.0
8,19,12,7,88452.0
5,17,10,10,87581.0
2,13,14,7,60308.0
6,20,29,7,104416.0
14,17,15,0,98968.0
13,13,13,10,105496.0
10,16,24,5,100920.0
9,19,10,8,91809.0
10,12,13,7,84154.0
4,13,24,6,66447.0
7,20,25,2,106693.0
9,13,1,9,81511.0
20,15,21,9,121666.0
7,19,21,1,98955.0
15,15,5,6,100106.0
3,19,30,7,89291.0
5,15,2,2,76037.0
17,12,27,9,132285.0
1,12,22,10,80136.0
11,20,14,1,102693.0
15,15,10,3,112347.0
16,15,7,8,123877.0
13,20,3,2,93332.0
2,19,0,9,80382.0
9,14,26,7,108145.0
8,15,0,3,82557.0
4,13,29,4,74538.0
1,17,4,0,55345.0
2,14,6,6,76376.0
10,13,22,0,86286.0
1,19,15,3,73140.0
17,17,24,6,136493.0
6,14,4,7,70085.0
16,17,25,0,118652.0
16,15,14,5,120551.0
13,12,0,10,95201.0
10,17,0,10,97773.0
2,19,25,5,79332.0
12,20,28,9,124366.0
13,16,13,6,120753.0
14,13,27,8,104945.0
8,16,12,8,90373.0
10,13,3,4,86824.0
6,17,29,6,92682.0
1,14,1,3,58739.0
2,14,27,3,83750.0
13,17,28,4,109089.0
15,19,9,4,119779.0
17,16,23,8,132496.0
18,12,20,1,118737.0
18,19,10,3,115449.0
1,15,24,8,75444.0
10,17,6,5,84121.0
3,17,18,9,80684.0
14,19,8,2,108750.0
15,18,13,3,109331.0
0,15,8,9,57718.0
11,17,13,3,112585.0
12,14,2,0,88090.0
19,19,29,4,136337.0
20,19,9,0,138478.0
3,17,16,0,77856.0
8,12,13,3,76040.0
9,18,2,3,84133.0
15,15,30,7,124991.0
5,14,7,1,70742.0
20,16,8,2,108571.0
18,15,13,2,119604.0
16,16,10,2,112417.0
4,17,19,2,91161.0
10,16,20,1,88897.0
8,19,27,4,103705.0
20,18,0,0,121530.0
13,15,17,9,97877.0
11,13,3,1,80689.0
14,15,10,0,97944.0
4,19,26,3,74303.0
5,12,9,9,85057.0
8,17,16,3,84994.0
10,16,11,1,92265.0
7,16,27,3,101129.0
5,18,23,7,87731.0
6,14,24,5,88926.0
19,14,11,8,119850.0
16,19,17,3,112540.0
0,17,28,9,69589.0
17,16,9,9,121940.0
17,17,1,8,115855.0
13,12,19,2,107188.0
15,18,16,6,107804.0
16,15,2,8,114762.0
13,17,9,8,109416.0
20,17,21,9,138459.0
14,16,23,7,117884.0
7,14,17,1,74509.0
4,19,18,1,77442.0
20,17,23,10,142433.0
14,20,0,10,117690.0
13,12,9,5,105980.0
6,18,22,4,78996.0
6,13,19,8,97962.0
4,16,12,0,83488.0
6,18,23,2,93837.0
12,17,10,10,104856.0
10,19,3,7,96985.0
3,16,0,1,76200.0
5,15,17,3,93548.0
7,12,9,0,81466.0
3,15,2,1,61728.0
11,12,14,7,89977.0
14,16,28,5,122944.0
3,13,12,9,68069.0
15,19,23,3,120904.0
4,20,7,5,79746.0
9,14,14,5,96091.0
15,16,5,6,117988.0
4,17,3,3,73598.0
20,17,4,3,117592.0
16,19,11,1,120755.0
2,13,2,10,68934.0
1,12,0,5,60700.0
18,18,21,4,121034.0
1,14,26,4,58110.0
4,16,15,6,72537.0
1,15,3,7,60819.0
3,13,21,2,77721.0
19,16,30,10,132973.0
3,15,13,7,70658.0
12,16,12,8,102824.0
9,12,20,3,80150.0
5,16,11,5,77574.0
1,20,23,1,81187.0
15,20,5,1,102332.0
10,15,21,3,101483.0
20,13,7,10,121788.0
8,18,28,10,91828.0
3,20,5,7,85778.0
7,19,6,4,81134.0
0,13,30,0,65752.0
0,16,17,5,53139.0
2,19,11,3,75818.0
13,17,19,8,109162.0
0,20,26,5,74675.0
8,13,9,2,65889.0
6,12,24,7,77834.0
8,13,16,7,89010.0
19,19,0,9,127641.0
5,18,15,7,88003.0
18,16,5,8,127576.0
0,16,27,5,75747.0
4,17,8,8,70183.0
11,17,27,9,117678.0
1,16,29,3,72806.0
4,13,12,6,79529.0
9,20,30,2,102211.0
2,16,4,1,55545.0
16,18,15,9,126646.0
0,14,30,7,91006.0
11,20,21,1,110738.0
5,12,4,4,67559.0
20,14,27,8,126266.0
5,12,16,6,82578.0
4,17,13,9,79795.0
5,20,20,6,86253.0
0,20,6,0,57403.0
4,14,13,6,93952.0
10,18,21,8,103851.0
7,20,5,1,83257.0
17,19,14,0,126350.0
17,16,10,9,114569.0
15,16,9,4,111022.0
1,20,27,7,91228.0
10,19,24,3,118130.0
11,12,5,5,90859.0
16,20,21,5,131926.0
19,20,18,3,124015.0
11,15,8,7,99207.0
6,16,20,6,92194.0
12,13,4,7,89351.0
8,14,27,0,85015.0
4,20,17,7,91211.0
14,13,4,4,90860.0
8,16,30,1,97319.0
14,19,19,0,111478.0
0,15,0,9,64781.0
14,16,7,9,112948.0
18,14,21,0,121956.0
12,13,15,4,85751.0
4,15,6,5,76668.0
3,13,25,6,85914.0
0,20,24,2,74469.0
15,19,29,8,121074.0
1,18,17,8,85838.0
20,12,5,9,115379.0
7,17,23,6,93863.0
17,18,8,0,112626.0
0,20,24,10,70535.0
8,14,20,7,90486.0
3,18,1,0,62657.0
0,19,21,3,78532.0
8,19,1,8,100324.0
9,15,17,2,91341.0
16,16,23,1,116599.0
3,20,11,4,77164.0
14,15,0,0,99075.0
4,18,26,0,79137.0
14,13,29,10,95973.0
12,17,10,6,118929.0
9,12,18,10,102295.0
16,12,25,0,112460.0
0,13,5,10,71314.0
5,19,23,0,88613.0
20,20,0,2,144101.0
4,17,28,1,77281.0
13,13,2,4,92119.0
14,16,24,8,120621.0
8,19,30,9,103001.0
0,12,27,1,60851.0
5,18,7,9,82035.0
0,16,13,5,68006.0
5,14,30,6,82900.0
15,13,14,10,115833.0
19,20,11,2,124484.0
0,16,29,4,68452.0
19,13,24,10,138042.0
5,12,19,4,78288.0
16,12,17,3,106035.0
4,16,10,5,75106.0
9,18,28,1,95654.0
14,19,20,7,124762.0
9,18,2,1,91652.0
16,18,24,5,129889.0
6,13,2,0,81367.0
11,13,19,6,103350.0
10,12,7,1,81367.0
17,18,15,2,126006.0
11,20,6,2,103047.0
5,13,20,6,85446.0
2,19,13,7,72001.0
16,20,27,0,125925.0
2,16,22,9,79078.0
20,15,4,6,127392.0
2,13,17,10,64858.0
2,17,29,9,83728.0
19,15,11,2,131024.0
10,16,1,9,89731.0
15,13,1,7,103926.0
7,17,15,2,76544.0
8,17,8,9,79192.0
16,19,28,0,132483.0
18,16,3,1,107084.0
0,14,16,5,53457.0
7,17,2,5,94320.0
6,19,7,7,73519.0
6,12,30,10,92241.0
5,17,18,7,94043.0
14,20,25,0,119043.0
20,15,11,9,124337.0
11,19,21,1,103909.0
19,20,10,10,131334.0
19,15,16,4,132143.0
6,13,22,8,78005.0
4,13,15,2,67922.0
17,14,22,1,120472.0
16,14,15,5,96543.0
3,15,4,5,53822.0
12,16,23,10,99932.0
14,15,13,0,114275.0
5,15,4,9,88771.0
3,19,6,3,83939.0
1,17,3,8,65814.0
20,19,0,1,125796.0
0,12,18,5,58085.0
5,19,9,6,87069.0
0,14,26,0,54286.0
6,20,8,3,83666.0
1,16,15,7,68041.0
0,16,10,5,70168.0
15,14,6,8,105972.0
20,12,24,9,137578.0
9,20,21,6,86318.0
2,20,30,7,95863.0
20,20,27,4,141543.0
14,15,5,2,93058.0
19,19,8,10,153470.0
10,15,26,0,99882.0
10,12,29,0,90410.0
1,17,5,0,52613.0
1,13,11,7,62815.0
6,19,17,4,85559.0
9,12,4,1,84380.0
12,16,1,8,99977.0
6,13,22,3,78331.0
9,18,16,10,105116.0
10,18,15,10,99157.0
10,13,11,6,83822.0
6,13,20,9,99738.0
10,12,10,0,100252.0
1,19,14,0,61966.0
10,20,17,0,99529.0
4,12,16,4,82469.0
6,16,16,9,87606.0
3,14,30,9,80583.0
4,17,5,5,68807.0
5,13,14,10,80351.0
13,19,7,10,112334.0
11,14,30,7,96434.0
12,18,28,1,101343.0
18,19,1,10,125356.0
1,20,10,4,76021.0
6,18,9,4,80140.0
20,17,0,10,134041.0
18,12,6,4,114009.0
17,15,29,3,121007.0
19,16,0,6,117866.0
14,13,17,1,109241.0
0,19,3,4,69818.0
1,13,12,3,60191.0
3,16,11,0,76455.0
20,19,17,7,134938.0
13,16,18,8,104581.0
4,15,16,8,89752.0
9,12,30,10,96584.0
1,18,1,1,56133.0
0,17,26,3,63118.0
19,12,6,2,115253.0
19,13,4,7,120096.0
14,17,11,10,116387.0
12,20,0,4,94766.0
9,15,20,3,98643.0
10,19,29,5,102835.0
6,12,4,10,74253.0
19,18,19,4,117568.0
3,13,27,6,82682.0
14,14,21,3,115749.0
17,14,3,8,110379.0
5,20,29,4,95080.0
7,15,19,1,82066.0
1,16,28,0,70686.0
19,20,3,7,124363.0
0,18,16,5,82751.0
8,15,7,1,73974.0
19,16,27,6,134516.0
6,20,21,2,96141.0
5,19,21,1,89531.0
11,14,3,4,87614.0
11,14,26,2,108512.0
1,20,21,5,89536.0
7,12,3,9,74335.0
7,17,21,3,90654.0
2,19,22,6,91410.0
18,20,11,9,139578.0
14,18,1,3,105285.0
16,14,8,3,107520.0
7,19,19,8,106534.0
19,12,14,8,123812.0
20,14,24,4,132335.0
12,12,4,8,106702.0
7,13,12,5,89841.0
13,15,20,6,108822.0
4,17,13,4,76211.0
20,19,12,8,126766.0
18,14,19,3,120637.0
14,12,18,7,98654.0
20,20,10,4,136407.0
9,14,29,7,98768.0
3,14,18,3,65617.0
13,17,21,4,109218.0
17,17,8,0,127346.0
6,19,30,9,88285.0
9,18,14,6,89919.0
10,15,0,8,68367.0
9,20,14,10,112061.0
11,14,7,0,92534.0
15,19,5,10,115913.0
4,20,13,8,97446.0
13,18,6,8,108697.0
10,18,10,2,90081.0
19,19,13,5,123218.0
17,19,17,1,123854.0
6,13,29,9,89469.0
11,15,27,2,99196.0
18,14,23,7,136721.0
14,12,15,1,94978.0
14,20,26,7,138037.0
14,18,4,1,116548.0
10,13,12,1,91824.0
4,15,19,0,65208.0
6,18,23,2,82823.0
4,19,29,10,89409.0
19,15,25,10,127739.0
11,20,24,9,118374.0
16,14,19,6,102104.0
10,20,20,3,110551.0
10,13,13,10,90823.0
15,13,20,0,99026.0
0,20,22,4,78496.0
15,16,22,3,109054.0
4,16,7,0,72291.0
6,15,16,0,81251.0
7,14,7,8,83894.0
10,12,25,2,95418.0
8,14,29,6,92317.0
0,16,22,2,75423.0
13,17,21,5,109817.0
11,19,26,0,116327.0
14,18,5,4,109404.0
9,19,23,8,108868.0
3,14,19,8,77918.0
15,14,14,9,114890.0
20,19,1,0,126139.0
9,14,9,8,87762.0
13,19,3,0,99818.0
16,18,5,7,124480.0
5,15,10,5,76897.0
9,19,27,0,108824.0
1,14,25,6,72398.0
7,16,30,2,87241.0
13,16,15,1,117926.0
5,18,0,8,79100.0
15,12,8,0,93839.0
15,16,6,8,122069.0
1,19,6,9,67304.0
13,16,18,3,103616.0
8,17,29,6,96447.0
17,17,28,1,124789.0
5,14,17,4,90769.0
20,18,2,0,121682.0
16,16,15,7,113131.0
15,20,8,10,122227.0
3,12,29,2,76312.0
16,18,20,5,127448.0
18,18,18,1,123568.0
0,20,22,10,91279.0
10,19,18,6,113751.0
7,18,20,6,100151.0
9,19,5,1,95930.0
19,15,20,2,129304.0
15,18,21,10,115314.0
12,14,21,8,103449.0
6,14,27,1,81764.0
6,17,28,1,81156.0
19,18,30,6,146971.0
15,12,6,6,89712.0
3,17,5,2,71515.0
17,14,5,8,116716.0
17,15,17,9,123182.0
7,15,2,5,80219.0
13,14,5,6,89963.0
12,16,21,2,102526.0
6,12,4,5,67019.0
4,19,20,3,82301.0
11,15,15,9,94484.0
15,20,16,1,116868.0
5,12,8,5,80402.0
14,19,15,8,109476.0
16,16,19,8,119979.0
14,16,26,9,117399.0
16,14,10,2,100780.0
0,13,21,9,63790.0
2,14,30,5,70472.0
17,17,8,9,116220.0
13,16,23,9,107560.0
16,17,0,2,107521.0
11,18,6,1,97041.0
3,18,21,8,90155.0
19,17,24,1,117733.0
14,19,7,7,100035.0
2,18,25,2,69442.0
0,19,2,0,56428.0
12,17,22,4,111134.0
11,14,17,7,95775.0
4,13,1,10,61661.0
11,17,0,0,71589.0
4,14,19,3,73901.0
20,13,27,8,111895.0
7,17,12,1,91459.0
4,16,27,3,84701.0
0,19,21,10,80573.0
19,17,4,8,129457.0
14,13,26,2,113247.0
14,14,21,9,103496.0
11,18,20,10,104891.0
19,20,16,4,134970.0
3,16,11,9,78958.0
4,19,10,9,80359.0
18,17,21,9,140443.0
1,15,3,0,59223.0
2,20,16,3,71449.0
18,16,9,4,114432.0
4,14,2,5,87814.0
8,15,26,7,99383.0
5,16,15,8,82963.0
19,17,9,6,115067.0
15,18,4,7,107586.0
3,16,21,7,79573.0
18,14,23,0,105493.0
18,15,10,1,117172.0
