MarketCap,Volume24h,Holders,AgeDays,DevActivity,SentimentScore,Blockchain,Category,PriceUSD
27258489329.341946,173793218.0,66846,32,,-0.786,BSC,DeFi,107.84
2049527581.213652,24154226.0,250949,3982,77,-0.964,Ethereum,Meme,98.42
3728918925.974672,228912219.0,4089,2282,89,0.748,BSC,Gaming,111.03
5845976826.270099,72242307.0,270600,1886,45,0.954,Base,Infrastructure,124.34
1391005029.5331953,150103287.0,51718,1990,75,-0.134,Polygon,DeFi,104.36
3593809746.5084634,359254534.0,118248,1175,47,-0.22,BSC,DeFi,108.38
3581084544.8548465,31458529.0,118311,897,18,-0.547,Ethereum,Infrastructure,98.17
436513924.1973768,26739542.0,240102,3607,68,0.874,BSC,Infrastructure,106.16
12157226539.005514,104993375.0,90330,2432,40,-0.479,Solana,Infrastructure,101.14
7369371188.621003,21108719.0,50771,2950,,0.292,Polygon,DeFi,101.36
1692521441.5537589,29413713.0,180771,3604,9,0.631,Solana,DeFi,105.36
2917935219.712981,57955015.0,359679,2150,35,-0.094,Base,Infrastructure,104.88
6573808941.612938,78025287.0,51512,974,14,0.916,Solana,AI,114.7
2619822231.303726,16722908.0,50330,3858,92,-0.269,Base,Meme,94.35
2678977705.679965,43127255.0,138315,3114,89,0.553,Solana,Meme,103.14
626782598.1204563,124603775.0,90727,994,80,-0.572,Base,Gaming,94.44
6974290048.20831,287661115.0,365357,3481,62,-0.038,BSC,AI,107.59
4159484920.409922,7607915.0,300079,3178,60,0.397,Solana,AI,106.87
4983268851.395368,275515968.0,383233,2517,3,-0.494,BSC,DeFi,110.38
574017568.9579989,172849619.0,200485,807,29,0.667,Solana,DeFi,104.33
25986412167.651615,19954978.0,433395,3203,4,0.88,BSC,AI,119.21
4314307416.386923,13079359.0,286286,1381,62,-0.422,BSC,Meme,100.43
2252782752.918338,103807449.0,163196,3949,12,-0.012,Ethereum,Meme,108.4
40920077211.34561,41440947.0,465526,966,51,-0.966,Solana,Meme,107.41
3394888531.113461,76230958.0,127826,2804,24,-0.191,Solana,AI,101.21
628713081.9187472,168765353.0,449687,1588,67,0.195,BSC,Gaming,110.16
2204411845.4048095,43663612.0,36611,2503,19,-0.676,Solana,Infrastructure,88.25
230099383.9376051,78451600.0,59064,2890,55,0.955,Base,AI,100.11
12629180161.56589,110543772.0,431510,2705,18,-0.649,Solana,Meme,110.76
2174861492.338789,173983010.0,119488,1662,53,0.012,BSC,Meme,107.09
1470599194.1527805,452692857.0,43903,1352,55,-0.981,Base,Infrastructure,95.78
12983746694.133812,423451088.0,54884,2987,99,-0.404,Ethereum,Meme,106.81
494327738.1438672,85518700.0,418815,324,3,0.607,Polygon,Meme,112.14
6815840515.085395,50691042.0,490730,690,44,-0.184,Solana,AI,105.91
301024506.4735388,883779131.0,144093,1216,17,0.714,Solana,Infrastructure,106.3
1619541291.0136178,132437424.0,10556,2910,44,0.639,Ethereum,Infrastructure,106.2
845075208.3119675,104862547.0,279153,3921,59,-0.132,Polygon,DeFi,105.52
20720113925.473248,19668506.0,220362,819,53,-0.688,Base,Infrastructure,102.72
29848279994.95244,154043578.0,58289,1051,36,0.619,BSC,Meme,117.29
2414368255.0170674,28053320.0,75354,781,41,0.842,Ethereum,DeFi,105.45
9831721575.094465,39781961.0,33744,1917,33,-0.512,Solana,Infrastructure,99.72
2888537970.4820814,15229017.0,319156,2049,57,-0.85,Ethereum,Infrastructure,97.23
7088036960.786984,37223235.0,429056,2959,45,0.689,Polygon,DeFi,119.88
1452562920.1824324,70309942.0,203729,3559,14,0.217,Base,Meme,105.07
461500158.8909482,12714590.0,158058,3335,51,-0.48,Solana,Infrastructure,96.82
411896066.5459566,24663022.0,327090,2669,,-0.655,Ethereum,Gaming,89.88
5677326215.321715,60307818.0,436571,2237,26,-0.006,Ethereum,DeFi,114.38
53188820134.87899,16487905.0,131885,62,,0.854,Solana,Gaming,114.51
4953171703.956222,16681817.0,48441,3345,64,-0.666,BSC,Meme,90.56
1910201282.0389266,26426468.0,1014,1509,58,0.445,Ethereum,Gaming,104.73
35557702443.279594,14077371.0,27754,1917,43,-0.494,Solana,AI,100.07
4765947575.916733,128667127.0,321303,1288,14,0.183,Polygon,Gaming,110.05
4048939298.889637,22137281.0,21676,1250,68,-0.109,Base,Meme,99.51
4854118140.106797,152476330.0,10197,628,85,0.133,Ethereum,Gaming,113.62
3058368261.842883,180818679.0,450944,1909,69,-0.73,BSC,Meme,103.33
"1,200,000,000",17692157.0,23095,1766,2,0.726,BSC,DeFi,102.7
640682031.2746528,68671726.0,482551,3884,,0.969,Base,Infrastructure,119.84
6544880302.92078,38877292.0,393762,1675,13,-0.006,Ethereum,Meme,108.78
3199529035.3649683,18901340.0,362270,1533,2,-0.194,Base,Infrastructure,111.55
15005807155.27456,45513762.0,477971,2081,6,0.58,Ethereum,DeFi,117.0
2302860396.550187,50416611.0,77703,1501,85,-0.663,Polygon,DeFi,94.33
363887803.4339797,143093531.0,114156,1523,54,-0.859,Ethereum,Gaming,93.23
3181018424.4458957,202001427.0,29475,3459,13,0.432,Ethereum,Gaming,108.03
27554859795.402695,19666430.0,438554,1915,72,0.093,BSC,AI,113.84
2262853020.3986363,42081491.0,146186,3614,52,0.264,Base,Meme,100.99
1232329067.671018,117445112.0,47488,814,,-0.942,Solana,AI,91.0
855921901.4245877,238813112.0,333503,3084,56,0.727,Polygon,AI,116.71
1016854449.9489022,4513132.0,265037,2479,37,0.335,Solana,Infrastructure,100.63
2500527423.1753116,266831621.0,230481,105,5,-0.776,Polygon,AI,97.51
870015415.0029716,54619483.0,207272,1170,43,0.322,Ethereum,Infrastructure,108.65
21626103961.78096,352655803.0,322997,3436,9,0.96,BSC,DeFi,129.27
2553773016.0652847,41253801.0,154891,2424,50,-0.485,Solana,DeFi,99.94
4084144202.6429305,26391115.0,110470,2481,83,0.888,Base,Infrastructure,110.9
20138262005.958687,68981484.0,227723,249,7,0.92,BSC,Gaming,118.36
21773995429.526665,236920943.0,83375,3637,24,0.683,BSC,AI,121.8
2777231595.6496544,67908421.0,305421,1029,57,-0.023,Base,Infrastructure,107.27
5339346256.705576,4940027.0,252014,3375,,-0.108,Polygon,Infrastructure,100.75
8660444630.813732,139127364.0,102301,1906,52,-0.276,Polygon,Meme,104.78
2844273317.815017,11222185.0,218328,265,50,0.572,BSC,Meme,108.9
424483874.7119108,22431687.0,257930,1141,41,-0.698,Ethereum,AI,94.04
7864673381.095513,18343573.0,383539,1939,60,0.066,Base,Meme,109.95
10485118108.783566,8728318.0,108934,2292,84,0.093,Polygon,Meme,103.03
5902271638.071903,16593919.0,192458,2638,17,0.862,Ethereum,DeFi,109.72
1183505237.0296543,22199262.0,138700,2722,40,0.817,Base,Meme,106.5
2833467957.9898505,33519774.0,322291,698,59,-0.035,BSC,AI,105.29
1764399455.0989795,61924110.0,293215,316,99,0.196,Polygon,Meme,108.41
2501975646.189646,45472553.0,124996,37,42,0.414,Polygon,Meme,106.63
16996312254.62162,12884758.0,307661,2591,74,0.087,BSC,Gaming,108.7
22471092898.352676,53765401.0,173330,2611,12,-0.433,Ethereum,Gaming,105.76
8004757041.502602,191425672.0,8497,3721,18,-0.682,BSC,AI,101.62
6925625042.101791,186330363.0,254742,63,71,0.126,Solana,AI,111.98
8074322385.833952,76142528.0,418197,913,5,-0.126,Solana,Meme,111.18
3532633190.2988048,129776697.0,332527,1682,57,-0.459,BSC,Gaming,104.5
3273756195.3463583,175208166.0,314213,970,40,-0.311,Polygon,DeFi,105.73
1597372254.5229757,293626127.0,40291,2146,67,-0.915,Ethereum,DeFi,95.11
3352456038.35163,424361218.0,135467,2350,77,0.11,Ethereum,DeFi,111.04
53983073677.14073,46163223.0,448796,2165,64,-0.847,Base,DeFi,108.93
10171415234.615053,48699390.0,447302,1154,25,-0.787,Solana,DeFi,104.9
2377842906.5969467,331811922.0,482948,39,80,0.544,Polygon,Infrastructure,120.13
2034850151.3709419,365646658.0,300712,2799,91,-0.783,Ethereum,Gaming,104.04
1270418245.158418,357527418.0,227142,579,47,0.397,Base,AI,114.75
5618016034.113013,4985704.0,361240,1052,,-0.021,BSC,AI,101.12
5735007138.2175865,51564379.0,10242,699,37,-0.514,Polygon,Meme,100.39
634440465.4248728,1828366.0,197845,2570,64,0.142,Base,Meme,93.46
6425898078.343374,146557663.0,56907,2607,92,0.044,Solana,DeFi,108.66
1810073475.099404,69802281.0,238410,3796,4,0.821,BSC,Infrastructure,115.65
19861825067.21885,69538940.0,450240,605,44,0.929,Base,AI,130.89
4327313642.08772,56431371.0,290516,511,28,-0.07,BSC,AI,105.76
28163032751.883396,275392674.0,340033,3481,63,-0.271,Polygon,AI,118.06
2068827479.132121,47563805.0,377786,186,13,0.172,Solana,Infrastructure,101.68
2537434479.705049,204570987.0,478411,2538,76,-0.776,Polygon,AI,105.1
5137179460.594381,120716795.0,137415,2890,,0.056,Solana,DeFi,100.96
12728863382.447618,97221012.0,491343,3150,31,-0.8,Polygon,DeFi,106.17
7069523989.376029,109217847.0,317921,961,84,-0.45,Ethereum,Infrastructure,103.46
815874634.9835365,74163089.0,433954,3946,81,0.516,Base,Gaming,107.21
4464757961.870033,19715228.0,112286,974,82,0.541,Solana,AI,107.71
3681896045.6887527,144363002.0,7858,3702,88,-0.046,Polygon,Infrastructure,99.97
2142239657.7117772,143904613.0,34332,3970,73,0.928,Ethereum,DeFi,108.43
1647086239.8155615,56048462.0,69740,1959,15,-0.697,Ethereum,AI,91.28
29190019423.205853,146682530.0,158535,2329,51,-0.375,Polygon,DeFi,107.63
2244023332.6930914,176498312.0,74130,2536,,0.185,Base,DeFi,107.28
1299041907.4704518,16035513.0,439213,3558,9,-0.108,BSC,Infrastructure,102.36
7700379107.812706,56156385.0,142413,3152,,0.297,Ethereum,Gaming,106.89
4193273675.8925266,40322757.0,280075,3102,94,-0.823,Solana,Gaming,93.65
3273165382.215618,24259623.0,105244,3700,3,0.438,Polygon,Meme,107.78
9154964828.276012,93600459.0,481926,1564,49,-0.674,Base,AI,109.1
6443582421.774527,25971352.0,266812,517,56,-0.459,Polygon,Meme,104.32
5536497962.78361,40717950.0,398228,3318,55,-0.641,Ethereum,Gaming,101.75
11401839982.192635,86006956.0,354571,1663,44,0.441,Base,Infrastructure,120.92
5038446858.80264,96478923.0,252919,1453,10,-0.92,BSC,DeFi,101.13
1709887919.3813536,93521397.0,92936,525,22,0.954,Solana,Meme,118.46
2320993876.4154196,766464585.0,230574,3403,95,-0.253,BSC,DeFi,106.45
1918545526.5135977,37729170.0,262985,444,14,-0.535,Ethereum,Gaming,101.26
4610796558.87266,86461068.0,483105,2563,21,-0.347,Base,Infrastructure,114.15
983293418.9414058,17427703.0,136118,169,53,-0.009,Solana,Infrastructure,97.26
397652409.9883067,111495125.0,370757,1892,14,-0.54,Base,Gaming,98.26
3984931300.5051837,233524833.0,169048,453,98,0.524,Base,AI,111.85
721018490.1407294,249569030.0,117769,1843,16,0.511,BSC,Gaming,106.37
344507452.7620619,32625579.0,417954,3270,0,0.258,Ethereum,DeFi,106.76
5611012046.071212,48282963.0,70059,3823,25,0.812,Solana,Infrastructure,112.72
1527252436.2063906,263253251.0,165074,941,70,0.444,BSC,AI,106.71
6501836462.834364,59250900.0,40641,3530,45,-0.679,Polygon,Gaming,104.78
1895930336.383453,188487424.0,442004,3230,1,-0.471,Solana,Infrastructure,104.08
932747541.3561015,22529488.0,11081,3749,99,-0.047,Base,Meme,98.89
806148868.1651931,300724893.0,317618,3178,86,-0.381,BSC,Meme,103.15
1932513516.589405,203255155.0,127596,1535,97,-0.208,Solana,DeFi,104.79
2582285334.8574142,109392192.0,92774,2251,45,-0.051,Polygon,Meme,104.99
1334533859.8596065,27278530.0,365131,526,4,0.568,Ethereum,Meme,112.55
2558457832.210934,55081170.0,406962,650,72,0.088,BSC,DeFi,111.93
567457970.9317137,77546402.0,23639,1550,67,0.675,Solana,Gaming,109.06
3647787783.0908895,87728140.0,61423,3150,57,0.216,Ethereum,Gaming,103.93
416593510.69250506,58512047.0,17554,2957,62,-0.985,Ethereum,AI,81.85
2840859316.6987424,51635423.0,242555,697,86,0.975,BSC,AI,110.42
8277053890.777366,81141185.0,423913,2456,69,-0.706,Base,AI,100.21
13290649272.52468,304784636.0,137175,3132,19,-0.209,Base,AI,111.06
28050051256.591488,7212533.0,175510,1233,72,-0.961,Base,Infrastructure,92.38
553877900.2619491,14518585.0,84779,2026,66,0.05,Base,DeFi,90.71
8910268749.578045,12002666.0,99801,491,73,0.355,Base,AI,107.5
15245323434.527025,30840047.0,361132,1627,59,-0.424,Ethereum,AI,106.85
11627843745.875624,9681368.0,86600,2940,83,0.857,BSC,AI,112.16
1175326034.087648,120653313.0,375965,3951,80,-0.7,Base,Meme,92.3
5876082864.413024,72950560.0,455328,406,54,0.897,Ethereum,Infrastructure,117.84
33408186332.503395,49666688.0,184061,1935,4,0.572,Ethereum,Gaming,112.83
594523991.5773495,31024958.0,89185,614,60,-0.696,Ethereum,Infrastructure,89.71
6349267191.693688,78025285.0,221795,3036,75,-0.794,Polygon,AI,100.27
13619229744.357958,79883080.0,67903,2987,21,-0.868,Polygon,Infrastructure,100.09
1553988643.9033694,94422436.0,184430,1587,99,0.156,Base,Gaming,108.93
7215983722.428313,29446442.0,48680,3139,72,-0.498,Polygon,DeFi,108.61
991697808.5931484,134119873.0,406076,3898,5,0.942,Ethereum,AI,115.39
1352674664.4672306,13053823.0,66341,390,35,-0.769,Solana,Meme,91.4
1344789999.7637498,259529219.0,251467,3490,42,0.615,BSC,DeFi,115.53
4515443461.4514265,2225756.0,169026,3170,89,-0.249,Base,DeFi,96.34
3214129772.6874824,34174251.0,95673,699,68,-0.971,Base,Meme,89.45
11264682764.446892,17495929.0,130284,2270,9,0.472,Solana,DeFi,112.54
1159975896.4347851,156523770.0,130272,766,93,0.175,BSC,Infrastructure,107.22
3062413660.3743057,12817627.0,106821,2556,49,-0.541,Ethereum,Meme,96.5
11359176499.109322,487123375.0,302350,3218,23,-0.289,Solana,Infrastructure,110.33
7026345799.365759,12006458.0,426066,1042,59,-0.7,Polygon,Gaming,95.38
731370257.2166086,611426872.0,73756,672,,-0.731,Ethereum,Gaming,92.63
7964375900.12125,107479135.0,327979,3904,9,0.139,Solana,AI,116.77
2019061313.8369923,67916603.0,227431,2795,20,0.079,Solana,Meme,109.09
5692776033.577572,106044009.0,232292,3571,,-0.594,BSC,Gaming,99.9
5142558205.901312,732399370.0,201966,981,31,-0.405,Solana,Gaming,108.51
15485697001.587202,175366400.0,344746,1049,32,0.992,Ethereum,Infrastructure,128.9
4123103228.8897247,5628092.0,35403,3725,7,-0.294,BSC,Gaming,99.1
387580045.39661795,244236363.0,399215,292,49,-0.025,Solana,DeFi,102.8
692742099.5898719,84727803.0,162275,1918,10,-0.681,Base,Gaming,93.34
8620296023.56202,11086904.0,65781,1892,19,-0.951,Base,Meme,92.56
2629397054.779393,151565897.0,155552,3417,65,0.224,Ethereum,AI,104.69
14045597973.130226,17327089.0,400911,2856,95,-0.518,Ethereum,DeFi,111.34
4977166457.027566,80142144.0,95951,2333,93,0.486,Polygon,Gaming,104.78
1459151759.0340724,84864568.0,56707,1204,86,-0.537,BSC,Meme,96.68
13139490988.137054,32176994.0,219261,797,71,-0.262,Solana,DeFi,109.18
1360506348.0771053,133862235.0,443850,269,70,0.295,BSC,AI,113.59
305309749.1065308,21343077.0,79450,2958,45,0.383,Base,Infrastructure,99.9
42661156583.13051,81027600.0,98083,1154,0,-0.312,Solana,Gaming,101.89
361980661.4134879,35961278.0,354303,3448,39,0.454,Ethereum,Infrastructure,105.61
7693913746.886226,53707747.0,486401,2765,27,0.125,Ethereum,Gaming,115.68
11060235466.696981,544391920.0,231210,3486,24,0.63,Base,Infrastructure,121.3
4276834780.6741967,74272319.0,29173,3945,,0.515,Solana,Infrastructure,104.49
475522038.83473635,19853488.0,483572,2044,74,0.643,Ethereum,Infrastructure,108.86
unknown,57716105.0,113261,2670,63,-0.471,Base,Infrastructure,86.03
635642934.5819379,28171186.0,172842,3861,89,-0.837,Polygon,Infrastructure,94.29
714894632.1179818,67601216.0,5635,3588,,-0.994,Ethereum,Infrastructure,85.36
2322704380.050047,78461437.0,368195,2713,11,-0.339,Solana,AI,104.56
9234437036.25537,72093874.0,288059,576,16,-0.172,Ethereum,Gaming,108.47
5139063425.520581,72001077.0,135963,3328,37,-0.469,BSC,Gaming,100.61
9484473621.877773,36074415.0,64244,1557,60,-0.68,BSC,DeFi,103.21
2105097041.1849258,107620646.0,270114,2386,48,-0.146,Base,DeFi,109.63
2915712511.2694125,210099814.0,105409,2264,17,-0.389,Polygon,DeFi,103.01
915916585.1103258,33181400.0,327623,715,92,-0.936,BSC,AI,92.69
2450998810.3839145,61574580.0,452392,834,71,0.674,Ethereum,DeFi,115.15
7304480633.130271,70193610.0,191655,3970,44,0.04,BSC,Infrastructure,102.89
2501624943.883029,260763442.0,449936,3814,8,-0.65,Solana,Infrastructure,106.36
6342580019.640125,215241485.0,238566,3349,51,-0.34,BSC,Meme,108.35
1801834047.0605323,29412994.0,11472,2773,59,0.152,Polygon,Infrastructure,99.52
1760969045.751849,71099436.0,58876,2968,32,-0.806,Base,Meme,90.33
3757434996.1192536,12693740.0,69436,3068,35,0.039,Base,Gaming,104.14
2837366575.023047,22701928.0,191901,853,36,0.473,Ethereum,Meme,110.02
7297971655.798622,66754059.0,170883,1076,42,-0.672,BSC,Infrastructure,101.32
4440124661.572565,131291643.0,448057,1286,64,0.018,Ethereum,Meme,117.86
28937829474.947968,187602292.0,464649,3765,,0.793,Base,Infrastructure,128.33
2754788741.0231285,46647092.0,320982,569,4,0.407,BSC,AI,116.45
2729261291.388533,14824050.0,178594,107,83,-0.106,Solana,Gaming,100.17
1028989123.1770526,101602224.0,184944,1741,93,-0.949,BSC,DeFi,93.79
3684252751.56611,54279401.0,269125,1301,,0.862,Solana,AI,113.92
8134618874.328527,104673456.0,492182,2687,67,0.964,Base,Meme,127.58
1474589127.5083644,78306141.0,326712,464,31,0.568,BSC,Meme,110.46
3377471821.2629137,144285009.0,483767,92,92,-0.541,Base,Meme,108.87
8490961758.7632675,134906461.0,36508,2428,79,0.165,Solana,Gaming,108.81
3078502213.0471153,166076468.0,274261,3924,14,0.608,Solana,Infrastructure,112.74
1922774897.3139012,39623189.0,414277,291,24,0.063,BSC,Gaming,114.63
11524162798.019161,196279044.0,434773,842,2,0.94,Base,Meme,129.07
4027547547.544553,37756504.0,312186,2996,,0.193,Ethereum,Meme,108.73
5769650864.545783,72090409.0,353392,691,70,-0.988,Solana,Gaming,103.35
14620231713.99076,508334686.0,105490,1758,13,-0.406,Base,Infrastructure,109.43
14169804618.508305,97219583.0,490858,1090,72,0.991,Solana,Infrastructure,125.37
2363371364.8928895,18205887.0,88729,3585,18,0.962,Base,DeFi,115.08
1908310889.3926585,338309188.0,57128,452,83,0.846,Ethereum,Infrastructure,115.51
5042514583.969429,197273461.0,335296,2259,,-0.589,Base,Meme,107.9
3056862676.097384,230214246.0,204972,696,14,-0.492,BSC,AI,104.81
366740993.41781545,81566431.0,484737,1997,,0.21,Ethereum,Meme,109.45
16562949527.359411,96052634.0,408240,1600,46,-0.931,Base,DeFi,108.55
3669178356.918269,50814686.0,351041,80,30,0.782,Base,Infrastructure,117.21
8674500310.091726,30403688.0,216054,1285,98,-0.02,Polygon,DeFi,107.89
877423318.239138,353358809.0,95169,308,43,0.462,BSC,Infrastructure,108.12
16820164483.901478,43785060.0,100755,3479,95,0.227,Base,AI,105.7
1769715493.9396622,38695427.0,318350,426,90,-0.278,BSC,Gaming,101.96
3150413376.57284,40311823.0,99908,2569,32,0.806,Polygon,Meme,114.43
666993191.5970634,509315173.0,77828,3131,13,-0.511,Polygon,AI,102.18
2934081564.1475697,172507212.0,290874,3146,55,0.025,BSC,DeFi,110.09
2720918327.753827,43806664.0,408162,1305,78,-0.159,Solana,Gaming,104.66
2869969825.8396077,62446160.0,99734,2138,52,0.437,Polygon,DeFi,110.71
6067458715.304759,115121160.0,126680,2256,47,0.415,Polygon,DeFi,109.08
3854144953.606815,172570126.0,150793,1361,96,-0.098,BSC,Infrastructure,103.22
11561415607.783905,11166857.0,310425,1657,53,-0.339,BSC,AI,100.71
2044072906.5500824,177443377.0,2353,3217,,-0.583,Polygon,Gaming,90.52
1084929570.1662436,51658799.0,73584,464,36,-0.906,Ethereum,Infrastructure,96.04
3503654242.4638853,30872045.0,415152,2338,0,-0.12,Ethereum,Infrastructure,107.73
7619995709.32837,42740277.0,202630,242,6,-0.994,Base,AI,89.08
15963490811.253181,156900143.0,201150,2226,74,-0.294,BSC,Infrastructure,106.93
9520428761.200403,454303296.0,479007,2728,,0.937,Ethereum,AI,122.72
430936454.0548123,77261912.0,91060,2467,84,0.305,Solana,Infrastructure,103.44
5636166820.6823635,121156555.0,382252,329,16,-0.172,Polygon,Infrastructure,108.58
20680273824.01451,26817712.0,125666,704,8,0.889,Polygon,DeFi,114.63
3864474861.9143214,112726947.0,137949,2085,51,0.99,Solana,DeFi,117.87
1929928900.0447488,162292673.0,469857,1808,18,0.553,Polygon,AI,121.68
5195158770.634012,12777110.0,256071,3918,,-0.392,Ethereum,Meme,98.74
1959802655.0774877,37348339.0,131462,2286,34,0.772,BSC,AI,109.22
7718885297.830156,156705460.0,322918,3831,94,0.582,Solana,Gaming,115.37
3529445573.5921555,9484879.0,200521,3797,93,0.299,Ethereum,AI,107.8
19074155795.021095,43519082.0,23629,799,19,-0.062,BSC,Meme,106.73
6528240519.326882,127135907.0,419242,2589,68,-0.461,Solana,Meme,109.22
1503916250.0030499,10225377.0,404356,1925,53,-0.404,Ethereum,DeFi,97.24
7406009044.378073,42443368.0,389902,2334,3,0.036,BSC,AI,115.83
11022605431.609175,69742609.0,1862,2440,39,0.009,Base,Infrastructure,104.68
1812282566.6081867,174848962.0,128903,3148,18,-0.095,BSC,Meme,106.98
2150673136.880892,16084874.0,385810,81,,0.591,Ethereum,AI,114.87
225488579.79017544,222505285.0,303246,1725,11,-0.501,Base,AI,93.72
10599653901.807674,91902841.0,495202,2311,19,-0.753,BSC,Gaming,107.65
1770795538.3652089,244941650.0,412086,1593,59,-0.657,BSC,DeFi,104.88
280807694.99274516,236047211.0,225746,3836,53,0.24,Base,Infrastructure,100.56
429217336.24609464,95522253.0,227125,2746,45,-0.936,Base,Meme,91.21
2743388884.470268,112035136.0,389302,3972,88,-0.377,Polygon,AI,107.18
8930979966.621012,9690028.0,174258,674,92,-0.659,Base,Infrastructure,92.84
3221530703.8923445,14869849.0,6945,2892,29,-0.946,Solana,Meme,88.43
6314619331.927467,21728971.0,20592,2032,8,0.887,Polygon,AI,111.66
955934972.141735,44776319.0,169515,2542,30,-0.272,Base,DeFi,96.5
716838584.8686008,183286838.0,73618,1403,69,0.802,Solana,AI,106.9
10377075881.365753,9232531.0,176432,647,82,-0.037,Solana,Meme,100.18
6470850249.77467,46179518.0,256606,2864,10,0.94,Solana,Meme,117.58
3456040408.417535,15350301.0,311572,2595,37,-0.722,Polygon,DeFi,98.54
16697271336.937366,11834471.0,430997,3265,39,-0.258,Base,Infrastructure,108.85
1144886623.5252826,333314705.0,346532,822,37,-0.503,Solana,AI,107.72
2164987476.4428267,73176567.0,156678,3475,73,0.498,Ethereum,Infrastructure,108.77
12285009263.578573,396690817.0,389761,1715,57,-0.514,Ethereum,AI,110.64
32527550362.232117,241537547.0,474396,1347,4,0.119,BSC,Infrastructure,127.02
3621342751.9454203,23830198.0,147802,2596,46,-0.622,Polygon,Meme,98.77
26900838366.826855,8536391.0,131095,3854,59,-0.866,BSC,Gaming,101.15
1739715206.006945,640075262.0,434749,3834,86,0.779,Base,Gaming,124.68
5325113259.755024,42054394.0,365875,2730,,0.543,Base,Meme,113.47
2909978996.4233375,18643297.0,423874,1777,81,0.588,BSC,Gaming,110.29
533037242.11839235,140439472.0,327666,558,47,0.994,Ethereum,Infrastructure,119.2
4885646228.636667,76296933.0,241486,2649,,0.701,Polygon,Gaming,109.37
10979542788.202242,31373067.0,348666,1128,87,-0.86,Solana,AI,100.65
3000604397.842681,44879317.0,287004,1773,37,-0.435,Ethereum,Meme,106.84
3294281256.989205,78409685.0,490986,2811,18,-0.173,Ethereum,Infrastructure,108.19
19072489250.48502,71224541.0,263963,330,28,0.898,Ethereum,DeFi,123.65
800177163.7158061,150739292.0,57657,3453,33,-0.959,Ethereum,DeFi,88.33
594299534.9903717,44508400.0,69163,2401,29,0.477,Base,Infrastructure,109.06
1635399618.6438427,45016190.0,54737,1343,78,-0.868,BSC,AI,91.06
852814536.3891506,127126614.0,314461,1529,15,-0.655,Ethereum,Infrastructure,101.18
18034404502.239975,92640794.0,242791,2911,32,-0.508,BSC,Infrastructure,103.34
5198453118.366356,218803290.0,64795,297,73,-0.111,BSC,Infrastructure,107.91
1271023444.8749251,49878551.0,127749,291,98,0.809,Solana,AI,111.04
1714907540.4272778,58928330.0,59847,143,42,0.716,Solana,DeFi,106.57
111053802592.61319,18409996.0,477868,2084,92,-0.367,Polygon,AI,117.69
1723963685.1845362,341591532.0,279084,3867,3,0.969,Solana,AI,117.76
1436636420.1872935,14172950.0,489009,3169,27,-0.878,Solana,Gaming,98.39
5164987936.62272,82002738.0,325479,917,12,-0.882,BSC,Infrastructure,99.73
7710916982.372483,24614441.0,101246,3221,68,-0.038,Base,Meme,102.63
4677446630.856673,95164408.0,46393,2470,69,-0.319,Solana,Gaming,97.61
1204883790.9971046,148902766.0,48851,3086,98,0.739,Polygon,Meme,110.07
891998952.2387216,10818636.0,188881,2974,7,-0.949,Ethereum,Gaming,87.9
7330933249.42349,52062827.0,72090,1443,76,0.767,Ethereum,Infrastructure,110.72
3359210378.0584774,9507770.0,245302,947,,-0.435,Ethereum,Infrastructure,103.43
500080896.2070859,307722420.0,250103,2675,80,0.58,Ethereum,AI,110.07
14613347962.497692,40327414.0,121871,2662,82,-0.967,BSC,AI,97.6
9089582482.952948,11591891.0,79618,610,78,0.83,BSC,Meme,109.07
2684754000.2016463,30336893.0,268916,3450,,0.654,Solana,Meme,114.31
2623259047.042045,277811691.0,194164,1291,31,0.166,Solana,Gaming,109.98
4732652885.992022,337241530.0,11465,887,82,0.664,Ethereum,AI,110.53
1571959721.1258445,265645965.0,261996,3903,86,0.604,Polygon,Gaming,112.88
710887713.5563395,27707447.0,185511,539,52,0.71,Polygon,Gaming,107.99
5279099168.016289,55533279.0,27109,2148,30,0.367,Ethereum,Infrastructure,107.38
637519941.023235,396515327.0,284406,668,58,0.94,Polygon,Infrastructure,119.01
5729374296.814135,29363294.0,70134,429,83,0.155,Ethereum,Infrastructure,107.84
635899466.569936,45436708.0,399001,3877,18,0.395,Solana,Infrastructure,114.59
3182551032.601193,22994443.0,2979,1851,44,-0.049,Polygon,Meme,97.19
3046400460.5318108,18247148.0,277488,1982,70,0.976,Ethereum,DeFi,114.16
30444010479.365772,247480646.0,453430,448,53,-0.955,Ethereum,Meme,109.9
999474329.76592,131398943.0,283454,3604,39,0.475,Base,Meme,109.29
656258298.7413238,107670973.0,208659,371,96,-0.515,Solana,Gaming,97.16
1650901324.6406353,124227243.0,1776,619,30,0.346,Base,AI,103.44
930768445.3562748,201933076.0,317128,2174,39,-0.647,Solana,Meme,102.79
1766533591.9735315,345809729.0,224341,144,82,-0.315,Ethereum,Infrastructure,100.9
5939918053.564391,65142196.0,340132,1845,53,0.374,Base,Infrastructure,114.24
9053098527.622341,45130670.0,302386,1499,63,-0.182,Base,Infrastructure,110.17
26264223613.036407,21291115.0,308377,2564,13,0.329,Ethereum,DeFi,118.21
1481011288.0357563,215945679.0,424068,3223,34,0.292,Base,Gaming,113.14
85028009475.80212,37264125.0,300051,1489,57,-0.771,Solana,AI,109.63
38681310850.66386,12685063.0,116247,1892,39,0.388,BSC,Meme,112.27
2808082884.481045,48852992.0,406149,1862,0,-0.443,Base,AI,105.9
229243662.69724393,67441898.0,163135,395,40,-0.15,Polygon,Infrastructure,95.1
3244623750.552103,164062640.0,142070,2235,91,0.027,Polygon,Gaming,108.83
3910805579.8014083,198068031.0,19602,1353,94,-0.241,Polygon,Gaming,106.53
227100077.08528575,29382216.0,358134,331,91,-0.472,Polygon,AI,100.83
3917024823.9087873,27228180.0,351050,386,65,-0.675,Polygon,Gaming,99.84
2819470348.592151,45765997.0,485382,903,86,0.253,Polygon,Gaming,115.38
1396376436.5984418,17321152.0,424681,2695,62,0.51,BSC,DeFi,110.99
7604112356.195563,58196586.0,48639,2499,66,-0.618,Ethereum,Gaming,100.15
11978965290.383608,109049981.0,313818,2566,98,0.207,Ethereum,AI,113.74
2000348655.2162056,68834671.0,320482,3495,48,-0.737,Base,DeFi,99.82
4721421293.193301,11131957.0,277463,3671,77,0.288,Polygon,Gaming,109.47
1633923083.090189,17693720.0,26389,1173,,-0.403,BSC,DeFi,93.69
1394878807.6004055,270141485.0,355096,802,76,-0.283,BSC,Meme,105.17
3943742824.07811,21537761.0,452021,412,82,0.342,BSC,Gaming,116.26
6718332836.419406,147941089.0,384952,2110,,-0.072,Ethereum,Gaming,112.96
1823545590.479448,131585299.0,100151,1532,70,-0.101,Solana,DeFi,101.78
251661700.69730112,46073353.0,378740,2088,42,-0.393,Ethereum,Gaming,97.13
7240396530.288083,21929402.0,359540,1735,4,0.626,Polygon,Gaming,114.83
527748616.97252584,82760963.0,100843,57,34,-0.393,Ethereum,AI,92.68
4150100334.482755,24773026.0,64802,3961,86,0.297,Base,Infrastructure,106.39
30312665865.155464,54115378.0,367604,794,20,-0.881,Polygon,AI,105.96
3513240070.4761972,73783250.0,13331,3622,57,0.821,Base,Infrastructure,107.04
859877069.3770308,29842320.0,456506,1511,90,0.933,Polygon,AI,117.68
620840736.5096525,51157389.0,75302,1191,88,-0.634,BSC,Infrastructure,90.46
14603890903.754942,46769565.0,353472,510,84,-0.117,BSC,Meme,107.22
3512738625.5037427,16868503.0,138352,1576,51,-0.785,Polygon,Meme,93.97
6851176253.582008,53242192.0,436779,1076,43,-0.172,Solana,Gaming,108.48
10894916677.413027,32574113.0,169456,1007,28,0.736,BSC,DeFi,115.27
3380188274.4624753,8827691.0,478440,3018,3,0.187,Ethereum,Infrastructure,105.77
2475417519.866276,45285162.0,89936,3367,98,-0.725,BSC,AI,93.48
1150178245.479392,48098273.0,419659,1429,21,0.939,BSC,AI,110.9
88719856.2854647,33754212.0,387261,1736,47,0.115,Base,AI,94.39
579919238.1534367,6798060.0,387593,3723,99,-0.851,Base,DeFi,91.5
3297689114.85881,154187762.0,210565,3223,9,-0.269,Ethereum,Gaming,103.28
2904960356.297247,139270041.0,446028,2532,72,-0.708,Ethereum,AI,109.19
5818287710.979212,134294982.0,142320,3749,47,0.766,Ethereum,AI,113.19
3079323583.7597966,93860441.0,349598,2490,87,-0.217,Solana,AI,107.54
4340385538.958138,16476807.0,275589,515,61,-0.001,BSC,AI,101.51
9226619342.671335,75163685.0,424065,1191,88,0.681,Base,Gaming,124.77
1239465498.0864038,23667714.0,90971,1099,9,0.135,Solana,Infrastructure,100.04
2539950732.1953316,728333182.0,70613,738,13,-0.903,Polygon,Gaming,93.6
521043766.93588084,37033155.0,84007,711,70,-0.851,Base,Infrastructure,88.9
11521392315.041334,136842678.0,453670,1031,91,-0.653,Solana,AI,108.03
3754051542.817034,11902507.0,324244,3184,24,0.349,Base,Gaming,115.05
6452842475.534044,17937635.0,461897,1659,75,0.235,BSC,AI,115.96
22821748054.8144,36392402.0,404572,3719,,-0.285,Base,DeFi,109.28
13094459182.935787,142203990.0,25531,1640,81,-0.374,Polygon,DeFi,106.3
3335866385.649911,119928701.0,202413,3889,56,-0.84,Solana,Gaming,100.05
9225363315.907448,90149186.0,395541,2560,41,-0.861,Solana,Gaming,103.72
643192787.5994525,8542854.0,75510,3786,98,0.27,Ethereum,DeFi,95.99
6034092670.424885,227925889.0,119528,196,86,0.59,Ethereum,Meme,113.57
4235181790.8876123,23705015.0,292200,233,79,0.005,BSC,DeFi,103.46
514176520.1943946,388166138.0,339252,618,96,0.378,Ethereum,Gaming,111.14
17841339288.842106,511465909.0,286437,2961,53,-0.105,Base,Infrastructure,114.12
1540091070.7773829,162924510.0,292453,1881,39,-0.891,Polygon,Infrastructure,97.94
8138522290.3306055,194756894.0,86795,1548,20,-0.995,Polygon,DeFi,97.35
2165848594.4548383,16396419.0,283142,841,74,0.603,BSC,Gaming,107.26
11810460608.189604,1122839629.0,131362,2377,97,0.734,Solana,Gaming,126.94
17312837515.767204,83440001.0,341856,1723,21,0.967,Solana,Infrastructure,124.58
1324022947.5735664,197206543.0,447205,284,40,-0.385,BSC,Infrastructure,108.3
571355158.0498431,25546471.0,399127,2167,66,0.467,Solana,Infrastructure,115.25
3061919795.8888283,61128913.0,100099,1370,93,0.48,Polygon,Meme,108.08
9928745418.092648,17795525.0,271203,1080,32,0.331,Base,Gaming,109.1
2295979541.504598,50433056.0,395621,1092,19,0.641,Solana,Meme,109.4
1716875144.9702778,66786811.0,11330,148,33,0.911,Ethereum,AI,104.95
6440929554.060451,86998126.0,80743,1488,52,-0.597,Solana,DeFi,101.84
130408062.99324363,304880857.0,88269,3223,26,0.457,Ethereum,Infrastructure,97.36
1614580991.2555,111431853.0,346436,1707,,-0.173,Base,Gaming,99.8
681253088.9669302,85849242.0,262181,1957,98,0.655,BSC,AI,109.46
5106481461.560607,68503585.0,227033,1699,72,0.825,BSC,Meme,115.7
1481766584.4354937,599401537.0,362216,3165,87,0.883,Polygon,Gaming,124.84
940383952.7982737,34726935.0,236003,3184,25,0.514,Solana,Infrastructure,102.27
2344651447.429094,242624740.0,409139,3245,37,0.839,Solana,DeFi,122.95
615478082.3715656,7591998.0,20973,595,,-0.764,Polygon,AI,78.29
3528898106.1389346,25000975.0,334171,2020,77,-0.812,Polygon,DeFi,102.38
1580730911.5162036,103135134.0,490380,2125,98,-0.166,Ethereum,DeFi,109.43
2279215532.164377,55000384.0,312520,455,48,0.44,Ethereum,DeFi,108.14
1516141237.424041,1794636783.0,385423,1321,53,0.614,Polygon,Infrastructure,123.53
10712910941.017204,1120904210.0,8143,1797,25,0.674,Base,Meme,118.37
3145930600.6419196,12347303.0,159707,1724,0,-0.737,BSC,AI,95.86
6727128373.919423,20218137.0,268117,2390,63,0.368,Polygon,Meme,110.7
6375589644.785788,56161941.0,116796,1499,72,0.108,BSC,Meme,110.23
1362543289.0223417,445308455.0,232265,3197,92,-0.666,Base,Infrastructure,102.88
7104313829.747926,229278426.0,43094,3896,17,-0.051,Ethereum,Infrastructure,104.1
5450265549.37581,94123328.0,206702,2924,5,0.55,BSC,Gaming,111.03
5223211511.819316,13855679.0,367100,133,59,-0.67,Solana,Meme,98.18
2221765666.707029,25942259.0,187880,3914,14,0.79,BSC,AI,112.71
2147965798.852524,3429812.0,464867,2254,53,-0.671,BSC,Meme,98.98
9201776294.42515,12136481.0,98856,3513,67,-0.837,Ethereum,DeFi,95.92
49160263448.86025,105223420.0,277121,2323,38,-0.273,BSC,Infrastructure,112.95
1323899534.9825463,156933444.0,188641,1667,62,0.557,Ethereum,DeFi,108.4
6807820414.485991,15700613.0,346752,2675,36,0.55,BSC,Meme,114.55
2309962127.001664,74238228.0,348778,3648,72,0.73,Ethereum,DeFi,117.68
9194100995.098629,394528588.0,147656,1938,15,-0.641,Base,Meme,107.27
6066065043.670408,78944001.0,71556,1376,71,-0.564,Base,Infrastructure,104.59
12792829547.491882,47103475.0,244010,3241,62,-0.588,BSC,DeFi,109.3
125304619.39848329,129365109.0,52791,2209,54,-0.585,Solana,DeFi,87.45
1742698805.1868715,117939249.0,68653,3078,45,-0.155,Solana,AI,108.38
1095172517.5533338,72141043.0,8474,2870,23,0.99,Ethereum,AI,113.2
3149201590.7562976,36636611.0,251935,2673,29,0.355,BSC,AI,109.97
1503950369.2157896,41398823.0,95647,1933,6,-0.32,Polygon,AI,98.33
1661238642.006976,72927903.0,101284,1469,37,0.92,Ethereum,Gaming,112.81
8125164280.611423,36086629.0,379402,871,19,0.125,Polygon,Meme,110.61
35129735474.05102,286175732.0,486172,1476,79,-0.922,BSC,DeFi,110.35
121012368.8655855,176349138.0,235177,3652,35,-0.853,Ethereum,Infrastructure,90.17
2469940731.79048,218472166.0,244632,3652,12,0.108,Polygon,AI,108.23
5213225245.827883,614435628.0,15595,2894,19,-0.612,BSC,DeFi,93.39
3605332078.2654996,375145094.0,430153,3906,59,-0.462,Solana,Meme,111.4
2369246710.0275044,314261086.0,259082,2384,75,-0.255,Polygon,DeFi,100.93
706503656.3042533,99306869.0,240075,3694,82,0.193,BSC,Gaming,105.73
1156649351.2553952,53394793.0,352843,918,60,0.862,Polygon,Infrastructure,112.88
8556682279.893745,829455358.0,471092,3475,84,-0.824,BSC,DeFi,109.04
13035144272.645973,31452701.0,397053,984,42,0.846,Base,AI,123.11
4025880573.030409,33382547.0,351361,667,70,-0.14,Ethereum,DeFi,104.24
1314330379.7257402,25356042.0,471329,44,64,-0.378,Base,Gaming,99.9
4021227991.6073647,83625861.0,404519,3603,94,-0.423,Solana,Gaming,107.61
2687701666.742384,104524492.0,73326,3546,93,-0.287,Base,Meme,101.36
6899574252.296644,204794582.0,70919,1739,39,-0.159,Ethereum,DeFi,104.02
4131717186.748911,51503538.0,189169,2891,49,-0.207,BSC,Infrastructure,101.42
1699929439.622573,9791409.0,267113,2458,99,0.693,Solana,Infrastructure,106.09
4506594828.456698,93635332.0,314823,3537,42,-0.322,Solana,DeFi,107.48
870618450.3740596,192553421.0,316403,3328,52,-0.521,Ethereum,Gaming,102.34
9590264465.037027,68302560.0,160043,2504,,0.864,Base,Infrastructure,119.32
14813463086.049107,56949352.0,225003,1682,26,0.557,Solana,DeFi,115.74
871559869.3031029,122457148.0,208156,1404,72,-0.943,BSC,Meme,91.08
5941671677.659936,318901101.0,245292,3267,,0.111,Base,DeFi,114.84
1091136106.501192,61326255.0,38383,1614,8,0.253,Polygon,DeFi,109.43
12971509765.518274,13828325.0,379327,973,41,-0.704,BSC,DeFi,108.09
10608722124.407307,35444815.0,124341,793,38,-0.334,Ethereum,AI,100.16
2719696760.8736033,54945481.0,180425,47,10,-0.638,BSC,AI,100.33
11830188529.056765,9093113.0,123468,516,72,-0.829,Ethereum,Meme,95.46
2137046585.969198,153653654.0,459030,1135,25,0.025,Base,Meme,111.29
1657188290.3160877,28328460.0,297132,293,51,-0.853,Solana,AI,94.66
1811708439.909108,115198226.0,250339,842,83,-0.078,Ethereum,Infrastructure,102.9
3027427350.401263,81593526.0,472965,1891,22,-0.044,Polygon,DeFi,106.48
2431820648.016564,46767577.0,62762,3174,74,0.194,Base,Meme,104.69
4314356345.938595,394673813.0,1564,3595,27,0.709,Solana,AI,110.28
1713715653.5664065,35494318.0,348326,294,62,-0.947,Base,AI,94.47
8974340852.931063,31405789.0,226820,885,24,-0.644,Base,AI,100.27
12205629308.132898,90810919.0,453090,961,38,0.336,Base,Meme,119.05
1977235879.1225803,165625547.0,297171,1813,1,-0.144,Base,Meme,105.31
646698202.9697305,65629530.0,120806,1044,10,-0.641,Solana,Meme,92.47
8545305307.412572,22322351.0,23739,297,98,-0.621,BSC,Infrastructure,95.49
14055335860.793156,140676468.0,201411,3473,20,-0.625,Solana,Meme,106.19
2947142597.805951,127751014.0,131966,2210,,0.842,Base,AI,114.89
765606992.2309933,644274432.0,308856,2128,78,-0.238,Solana,DeFi,110.13
4937441412.377801,51569856.0,205812,3186,,0.151,Solana,AI,109.82
22339042175.64957,83125105.0,162812,1973,92,0.143,Base,DeFi,110.99
377246012.1683585,35225407.0,167222,3523,84,0.51,Solana,Infrastructure,104.17
6361377855.563459,12790339.0,270741,1046,85,-0.036,Solana,AI,108.28
2460520017.154976,71371876.0,48762,2707,73,-0.228,BSC,Gaming,98.1
1283929916.7346332,167488343.0,73233,2683,79,0.427,Base,Infrastructure,104.95
6518039341.780385,21556232.0,447734,1729,17,-0.35,Ethereum,Meme,100.39
754378009.535168,31273397.0,249882,1486,9,-0.804,Ethereum,Meme,97.29
5119556500.491344,18031606.0,162709,2873,27,0.995,Polygon,DeFi,114.18
17333566848.73177,287179646.0,177033,2296,86,0.866,BSC,Meme,125.95
4431603051.746888,32742336.0,370229,1969,96,-0.086,BSC,AI,103.31
1252507132.834142,124308214.0,1435,3443,97,0.446,Solana,AI,97.7
423824301.0388641,25371978.0,110900,1297,90,0.634,BSC,Meme,103.24
769806837.7156298,71352605.0,480268,1663,33,-0.238,Base,Gaming,102.35
393477106.16873616,33006874.0,472243,3945,55,-0.638,Ethereum,Gaming,97.64
24441758390.9039,4964268.0,494481,1963,55,-0.681,Solana,Infrastructure,103.44
2657412119.7944765,71533431.0,463863,72,29,0.755,Polygon,Meme,120.61
1022793212.0511532,117338186.0,66789,1855,14,0.98,Solana,Gaming,109.64
754940538.5209162,6634775.0,86050,1979,83,-0.102,Ethereum,Meme,93.03
996047616.8865501,54195204.0,57484,384,84,0.959,Base,Infrastructure,110.02
2395813207.063218,40801907.0,110810,2558,81,-0.053,Base,Meme,100.29
769204377.5690113,20054163.0,271647,1260,86,-0.095,Solana,DeFi,98.44
26797357347.065044,49801973.0,137771,2600,65,-0.463,Base,Meme,109.39
1462089963.336507,7774609.0,307469,2892,88,0.135,Solana,AI,102.36
1401628381.8630788,86501701.0,104152,347,92,-0.219,BSC,Gaming,100.38
5186421532.740489,242045317.0,372489,1788,43,0.734,Solana,DeFi,122.09
20438806852.99423,16389718.0,9549,3990,44,0.903,Base,DeFi,114.09
17557925108.62258,61101049.0,275845,117,,0.427,BSC,AI,118.03
1996410804.621446,314932006.0,147755,1530,99,-0.125,Ethereum,AI,110.84
4870749321.2513895,75122958.0,125954,599,16,-0.268,Polygon,DeFi,106.36
4288292788.9203324,37116192.0,146492,2133,4,0.943,Solana,AI,109.7
6770720812.770436,24115594.0,362546,461,23,0.36,Base,DeFi,106.33
4872366356.371127,79849489.0,324683,3746,72,0.254,Solana,Gaming,109.86
1155045923.439009,56744958.0,260782,1812,6,-0.999,Polygon,Meme,86.64
790180418.1365803,131528084.0,296727,3405,81,0.971,Base,DeFi,106.59
4426108783.372194,12331686.0,62974,3773,11,-0.324,Polygon,Infrastructure,94.3
866310770.6430242,214699679.0,199216,2474,96,0.005,Polygon,Meme,101.38
18404629373.0788,42121109.0,425895,3800,27,-0.669,BSC,Infrastructure,108.46
3760868583.8187103,133131756.0,124472,1286,72,0.93,Base,AI,116.79
1046489351.8067672,29659912.0,23709,1027,28,0.765,Ethereum,DeFi,111.38
2437011127.324749,15748020.0,385436,516,30,-0.208,BSC,Meme,101.59
1950265301.8507075,35190303.0,153422,3642,,0.595,BSC,DeFi,106.23
3062545332.641423,22981343.0,140751,3127,25,0.994,Polygon,Infrastructure,112.93
11153493671.934082,43482111.0,497470,2102,19,0.742,Solana,Gaming,125.28
633446739.6922961,133909758.0,118724,210,4,-0.795,Base,DeFi,91.97
381227900.2688901,215108296.0,140971,1417,87,-0.841,Base,Meme,89.47
5378423527.880078,82141343.0,281221,1804,76,-0.309,Polygon,AI,98.3
2897924300.491984,36231309.0,380988,1732,82,-0.022,Ethereum,Meme,110.14
4360576218.167814,39966140.0,307943,2543,77,-0.533,Base,Gaming,101.8
6111608569.089956,125957229.0,427456,2247,59,-0.683,BSC,Gaming,111.31
2884859244.866195,229147897.0,457159,1561,53,-0.537,Ethereum,Infrastructure,113.1
9359219005.688824,46021598.0,273660,2853,25,0.916,Solana,Gaming,124.5
1227687525.2867358,57192367.0,216831,3174,41,0.619,BSC,DeFi,110.48
3872836855.772173,28723438.0,110413,290,93,-0.69,BSC,Infrastructure,98.57
1322891342.0278876,82433924.0,390337,3785,17,-0.141,BSC,AI,101.95
923898890.6255815,188109580.0,53407,1159,7,0.688,BSC,Infrastructure,109.32
7502774265.514845,2686355.0,397965,499,75,-0.454,Solana,DeFi,100.24
7096473236.613142,86965316.0,470693,1164,87,0.043,Ethereum,Infrastructure,117.6
348665616.87643564,35827771.0,214592,3024,94,-0.423,Solana,Gaming,92.31
932706292.3855778,5072416.0,395009,649,96,0.858,Solana,Meme,108.7
5089173087.298166,92713529.0,281426,2809,31,0.022,Base,AI,107.19
12948922972.823004,59503088.0,369730,2853,6,-0.384,BSC,Gaming,114.68
1612171095.3188245,98570166.0,31923,310,36,0.475,BSC,AI,106.19
2875314382.1920824,14612272.0,6838,2877,40,-0.528,Base,Meme,90.27
657518891.1906779,689072157.0,297960,3717,19,-0.488,Base,Gaming,101.58
72945152473.75504,74159637.0,483903,2952,95,0.852,Ethereum,DeFi,125.7
6340005140.284284,45019204.0,295757,52,39,0.782,Polygon,DeFi,120.32
10488400078.013718,351105053.0,344255,1501,18,-0.649,BSC,AI,112.66
7896022947.123569,134558564.0,154734,3421,85,-0.801,BSC,DeFi,101.4
10986052919.283478,164129088.0,239835,3473,82,0.76,Polygon,Meme,120.5
7436747924.957321,236047769.0,312812,66,21,-0.136,Solana,DeFi,107.38
2397698005.720309,6724311.0,170350,1610,77,0.541,Solana,Gaming,109.73
8754344099.528387,411888754.0,291728,2887,31,-0.302,Base,Gaming,111.06
3942054702.1287885,44810687.0,203213,1880,24,-0.876,Polygon,Meme,102.95
16990008512.65815,89884479.0,437853,1637,89,-0.753,Solana,Gaming,106.85
1483014369.4123573,181198057.0,17037,2470,97,-0.068,Solana,Gaming,102.47
1872400834.7100525,29992712.0,1821,36,18,0.489,BSC,Gaming,106.04
7925767974.232635,93147683.0,89388,1880,,0.824,BSC,Gaming,117.51
16648309575.337147,151964181.0,257738,1637,78,-0.379,Base,AI,109.35
4267071500.0794845,62706188.0,113913,290,74,-0.157,BSC,AI,106.39
1524552411.506913,113136402.0,21027,1284,89,0.426,Polygon,AI,106.41
3108023882.0096455,11223050.0,288789,1289,87,0.382,Base,Infrastructure,107.74
1971639180.671633,17693153.0,336888,1392,69,0.562,Polygon,DeFi,106.9
34915793376.866554,18528029.0,21613,1079,95,0.497,Ethereum,Meme,115.54
10540080099.173794,98760494.0,217534,1822,1,0.056,Solana,DeFi,111.1
16347349331.126385,4030596707.0,242375,851,84,0.514,Ethereum,Meme,126.23
5147894801.697685,87671829.0,490763,3945,23,-0.106,Solana,Gaming,112.26
1841511179.8619173,55803259.0,301272,1546,13,0.56,Polygon,DeFi,112.36
14653079768.919254,61162940.0,224512,2672,1,-0.08,Ethereum,AI,108.72
26087952125.598537,193659742.0,293021,342,43,-0.778,BSC,Meme,115.86
7207234543.342301,143995627.0,324036,1496,3,0.619,Ethereum,Gaming,123.77
3482085446.1725264,18597768.0,247951,295,95,-0.684,Solana,DeFi,99.56
13116916057.429468,200981852.0,343233,573,86,0.088,Base,Gaming,116.75
2296523233.4107647,63954055.0,83457,3307,95,0.466,BSC,AI,108.98
8972666205.12558,161646037.0,215027,2107,44,0.26,BSC,Gaming,110.96
1526279543.9776578,7283359.0,18856,1394,82,0.122,Ethereum,Meme,98.45
1118842978.352186,11873372.0,302197,3632,58,0.954,Solana,Meme,110.42
7074296606.024339,126597991.0,329509,1971,69,-0.472,Ethereum,Meme,106.0
5377644285.652585,9058752.0,214695,831,37,0.002,BSC,DeFi,101.58
35230134575.71478,100809553.0,432585,3998,76,0.486,BSC,Infrastructure,121.25
2561532432.071377,95244698.0,331376,2402,11,0.961,Polygon,Gaming,119.43
3687214256.189998,77072506.0,440163,390,67,-0.527,BSC,DeFi,106.03
912841501.5026674,97081442.0,151208,2205,12,-0.932,Polygon,DeFi,90.06
380449388.4690342,87931048.0,363654,564,,0.616,Ethereum,Gaming,110.54
423058886.38719815,107407429.0,315688,2605,,0.29,BSC,Meme,106.24
6249263545.544455,41996315.0,109563,259,7,-0.107,Base,Infrastructure,103.64
873512582.5068265,64098134.0,418595,1548,96,0.826,Solana,Infrastructure,118.69
13858219448.410505,1647149315.0,26390,2557,10,0.956,Base,DeFi,121.84
19755942140.244755,229309414.0,292965,1283,90,-0.254,BSC,Meme,109.01
2545303658.5147457,128746695.0,153087,3695,19,-0.154,BSC,Infrastructure,104.31
26228429108.778637,101089119.0,298953,547,,0.121,Polygon,Gaming,113.11
4708520665.698108,29493127.0,347608,3434,67,-0.228,BSC,AI,108.38
13827780685.812586,84265930.0,467740,3868,38,-0.112,Polygon,Meme,116.5
2734330329.384522,50042979.0,251535,2184,14,-0.529,Base,Gaming,99.49
11333230320.52524,185895115.0,282069,3954,69,0.67,Ethereum,Gaming,121.38
1155754692.0669506,23995329.0,268284,3262,43,-0.109,Ethereum,DeFi,99.7
7568184053.151086,4879987.0,277878,1411,2,0.81,BSC,Gaming,111.36
2066122592.6609342,35447588.0,471106,1094,73,0.643,Ethereum,Meme,109.73
3065045476.490342,141302427.0,239082,3135,92,-0.007,Ethereum,Meme,101.63
7650694621.021282,981602975.0,108735,2245,7,-0.598,BSC,Meme,104.68
4410500628.503335,202838854.0,199384,3816,79,-0.971,Base,Meme,104.35
3278821970.105397,22377663.0,464642,3987,68,-0.441,Solana,DeFi,100.95
8585452078.834679,51600923.0,148856,2732,32,0.622,Polygon,DeFi,113.11
9398796568.990297,23068164.0,410015,3422,1,0.108,Ethereum,Gaming,110.14
680264013.7136557,53466897.0,414144,1475,27,0.54,Base,AI,111.81
7010909262.280576,24470289.0,61446,1946,88,-0.802,Solana,Gaming,92.82
8019976001.6374,10762232.0,61695,1741,43,0.508,Solana,Gaming,106.8
1454512553.1908824,107075478.0,26903,996,72,0.973,Polygon,Infrastructure,111.72
5695606785.582749,81428569.0,255551,2701,83,-0.948,Ethereum,AI,97.96
731728384.2454267,54415832.0,233440,1818,49,-0.733,Polygon,AI,93.75
20164488982.701168,96096018.0,98485,3267,25,0.709,BSC,Infrastructure,116.37
2695406518.7887545,614701336.0,123449,778,61,-0.237,BSC,Infrastructure,107.25
3262395779.043486,74683605.0,126199,3609,22,-0.357,BSC,DeFi,102.77
15083546538.811525,43303649.0,350855,1624,75,0.699,Base,Meme,121.68
3020567966.4239964,170251950.0,75934,959,13,0.761,Base,AI,113.78
7355140833.648897,10788134.0,282267,100,34,0.985,Polygon,Gaming,113.12
1020052188.9378357,150428273.0,214454,3095,83,-0.499,Ethereum,Meme,97.97
1809459847.4393885,28007498.0,198342,845,2,0.158,Polygon,Gaming,105.29
674209290.1915722,26738957.0,273178,1626,2,-0.802,Solana,Gaming,92.76
2792431153.019459,74102028.0,15908,2263,7,0.008,BSC,Infrastructure,104.42
12353960214.515846,413258926.0,318221,3131,,0.677,Base,Infrastructure,118.81
4688271593.385647,28918511.0,463413,3285,8,-0.334,BSC,Meme,104.48
10359120302.714535,187208426.0,424615,458,12,0.025,Solana,Meme,113.55
1046325982.3628445,99493647.0,496816,403,38,0.332,Base,AI,113.25
1242171803.9307516,14217684.0,192862,3219,66,-0.857,Ethereum,AI,89.18
2050497318.780859,179891016.0,478917,3985,40,-0.424,Solana,Meme,105.06
7126510301.332045,26460667.0,281905,3018,78,-0.266,Ethereum,Infrastructure,106.2
5498352590.713364,13030406.0,407402,3152,,0.832,Ethereum,Infrastructure,115.3
3519740237.1793613,27491984.0,164720,2532,,0.391,Ethereum,AI,104.24
7567701407.057022,29509077.0,428655,1102,86,0.245,Base,Meme,114.85
2989350218.973544,125932468.0,105103,1864,49,-0.52,BSC,DeFi,99.33
3493502448.0417953,29353479.0,320114,2017,18,0.708,Base,Gaming,115.18
17159225486.155802,339444584.0,366246,2088,30,-0.548,Polygon,Gaming,113.45
1773955369.3150177,83747672.0,323776,2496,15,0.54,Polygon,Gaming,110.48
4463581751.145852,29787408.0,230044,2405,48,-0.454,Ethereum,Gaming,100.25
24805562781.914974,26221658.0,388667,317,74,0.895,Ethereum,AI,122.29
4051227030.2191567,84362766.0,253724,2269,90,-0.893,Solana,DeFi,100.94
8369535072.643204,7042032.0,288731,2557,30,-0.776,Ethereum,Meme,97.95
1731028995.5260684,5989890.0,30875,602,41,0.786,Solana,Gaming,106.49
37508164313.567024,24809004.0,69987,1890,88,-0.669,Ethereum,Meme,100.17
241032548.19255772,131252030.0,276735,2393,3,0.173,Polygon,DeFi,102.51
919015507.5202808,79963254.0,278799,1475,29,-0.282,Base,Gaming,104.78
1012194948.2426842,67248487.0,404793,374,13,0.155,Polygon,Meme,103.82
25040597377.1401,51892596.0,107129,532,26,0.227,Solana,Meme,108.09
5472368498.122965,5984376.0,270726,2612,15,-0.052,Ethereum,Infrastructure,105.33
2616772751.364197,45914260.0,390968,567,54,-0.006,Ethereum,AI,110.23
769991855.9620347,9317345.0,88578,1492,43,0.475,BSC,Infrastructure,102.79
5549395564.524257,164517445.0,469411,2740,87,-0.635,Ethereum,DeFi,110.59
4110623409.7669926,65031182.0,240853,2072,,0.401,Ethereum,Gaming,114.16
1560756874.1571944,59479794.0,239701,3454,42,-0.937,Ethereum,Infrastructure,93.25
598637870.1540459,101820455.0,488840,1489,61,0.577,Base,Gaming,113.08
954492867.9893283,93649498.0,403604,597,14,-0.188,Base,Meme,106.5
4631262515.670672,84787855.0,216014,2916,21,0.366,Ethereum,AI,107.74
5206704440.497972,96274004.0,431351,912,74,-0.702,Base,Gaming,101.8
3913791024.027576,34346348.0,333160,2895,7,0.924,Ethereum,DeFi,115.14
2988680636.069569,15112468.0,371920,1837,21,0.845,Solana,Meme,117.2
429235229.24215686,95591177.0,495281,412,79,0.751,Polygon,AI,115.94
3800977794.5667677,322277668.0,309626,1275,22,0.632,BSC,Infrastructure,114.11
1038411599.0719396,199762878.0,374998,230,38,0.501,Polygon,Infrastructure,111.35
3769272160.935512,51876537.0,497286,989,,-0.959,Solana,DeFi,100.4
6263849135.978932,128749251.0,213663,3449,82,-0.062,Solana,AI,108.83
1593293985.2265146,40463482.0,174430,1073,70,-0.582,BSC,Infrastructure,96.78
1050272307.614458,100227658.0,491957,3801,32,-0.853,Base,Gaming,100.43
11811428043.867115,33645742.0,293446,1367,,0.394,Ethereum,Infrastructure,111.34
5467878989.584821,76630339.0,449455,1470,73,0.985,Base,Meme,125.5
1669932872.2088926,594287025.0,79225,2318,15,0.945,Ethereum,Meme,118.07
97916010.01945442,153574513.0,117153,616,73,-0.216,Ethereum,DeFi,90.03
3379688746.477198,341349812.0,431657,2888,98,-0.542,BSC,Infrastructure,107.79
7627041207.416834,28041151.0,256202,1428,61,0.206,Base,AI,112.75
13771516533.724651,30869915.0,172214,2092,90,-0.729,Solana,Infrastructure,101.63
1589314732.1640487,62863191.0,371818,3116,0,0.636,Solana,Meme,114.56
1657146657.2270317,121135556.0,205037,62,72,0.791,BSC,DeFi,111.61
2106959875.1641102,52200133.0,14350,2217,19,0.225,Base,AI,106.51
9798608275.103195,200165218.0,47011,3873,68,0.767,Polygon,Infrastructure,112.7
875528593.1252433,35834377.0,229481,811,67,-0.596,Polygon,Meme,97.77
3130779089.8527594,293138979.0,175627,1803,82,0.756,Solana,Infrastructure,120.67
1180385067.3807352,190507037.0,104196,3235,84,-0.36,BSC,Gaming,97.09
4948044020.879317,19242266.0,185577,1632,39,0.023,Polygon,Infrastructure,108.24
554944337.0645714,124680316.0,178167,1338,39,0.844,Base,Infrastructure,112.04
5630095479.897125,51319940.0,342803,2114,80,0.009,Solana,Infrastructure,107.95
1975374236.5142348,201369752.0,235000,519,34,0.602,Polygon,DeFi,113.6
1000000000000000.0,36349023.0,342810,2783,2,-0.571,Base,AI,143.6
6737165069.380606,92454445.0,183206,1694,94,-0.905,Polygon,Meme,97.9
14144280481.31559,119674226.0,76129,741,14,0.887,Polygon,Gaming,116.42
467830027.4819585,3174673.0,155770,1188,99,0.838,Solana,DeFi,93.13
11953214624.893307,8299288.0,435069,1262,10,0.569,Solana,AI,111.09
7004279830.637321,75578417.0,237887,3629,48,-0.008,BSC,DeFi,107.85
2517091044.9522243,57135861.0,284514,1661,60,-0.538,Base,AI,100.57
19327589414.84994,200696435.0,123313,880,38,-0.919,Polygon,DeFi,104.23
4495668754.265895,84189517.0,222282,1346,71,0.715,Base,Gaming,117.24
16926125704.930218,16223874.0,297778,911,,0.792,Polygon,Infrastructure,123.33
1760128144.365358,94215319.0,240908,702,81,-0.516,Solana,AI,102.23
1267023495.627789,28759137.0,272046,2781,72,0.312,Solana,Gaming,114.13
15585214849.340889,51004467.0,94705,2187,46,0.011,Ethereum,AI,110.08
48127832069.184204,37506618.0,8075,2230,23,-0.017,Ethereum,Meme,112.54
7669692133.049851,96342629.0,465140,2144,41,-0.035,Polygon,Infrastructure,111.71
10445339278.140684,13741690.0,410826,73,9,0.025,BSC,Infrastructure,111.86
2030041403.9140806,19148071.0,51438,642,21,-0.869,Base,AI,92.95
730908523.2584318,5684573.0,29581,1665,42,-0.55,Ethereum,Meme,90.18
2733468443.861665,694227987.0,232816,1494,78,-0.528,Solana,AI,104.03
21695757099.345165,21882565.0,415282,3974,79,-0.197,Base,DeFi,111.44
384498087.12877357,25387011.0,487817,3833,45,-0.227,BSC,AI,97.32
1978504955.0375025,18431708.0,225578,2118,21,0.962,Ethereum,AI,112.81
360337520.53170556,32316987.0,379837,2271,41,0.851,Solana,Infrastructure,106.82
4082286369.2058935,40529695.0,15833,3028,99,0.395,Ethereum,Infrastructure,108.5
10235146494.786306,129084241.0,416256,3824,86,-0.26,Ethereum,Gaming,112.98
806909075.02403,79677631.0,108380,488,26,0.127,Base,Infrastructure,103.42
2193424916.3896084,94213026.0,157417,141,54,-0.042,Solana,Meme,105.7
17595276201.460014,34270783.0,348868,3430,57,-0.261,BSC,Gaming,111.16
3223843113.2577195,60574071.0,129866,78,2,0.709,Base,Gaming,113.58
810290640.1199338,250570428.0,121362,2119,80,0.547,Polygon,DeFi,108.36
738762633.0387688,64026032.0,119129,3104,25,0.428,BSC,AI,99.27
319549580.24356115,91897523.0,157151,3858,14,-0.257,Solana,Gaming,99.67
9067420034.324152,7040203.0,447452,849,41,-0.193,Ethereum,Gaming,105.26
1464315440.2512755,115888760.0,122172,1697,1,-0.279,Solana,Infrastructure,102.77
12648654585.853323,87187276.0,60212,280,33,0.376,Solana,Infrastructure,112.91
10146906550.910221,270638316.0,198472,2533,,0.473,Solana,DeFi,117.78
1623685330.091408,3178608.0,452028,1377,62,0.617,BSC,Meme,109.28
1902539473.6448996,67266492.0,46395,3544,39,0.134,Ethereum,Infrastructure,103.24
9125705527.375174,56993305.0,93501,3988,94,-0.406,Ethereum,AI,102.95
4288973378.5908785,71400503.0,176547,61,19,0.602,Solana,AI,112.35
4943776622.831598,32509050.0,186081,2496,25,0.244,Polygon,DeFi,107.4
496697420.40603507,81651185.0,161164,2083,79,0.926,Polygon,AI,109.88
10527476800.62348,140073509.0,98709,1538,15,-0.254,BSC,Infrastructure,107.94
1254006065.869959,67881631.0,356859,536,13,-0.673,Polygon,DeFi,98.12
235352457.17278293,46750622.0,102133,3081,51,0.676,Polygon,DeFi,102.67
1709881139.790105,51043291.0,243558,2645,,-0.996,Ethereum,Gaming,90.37
5948443876.89617,42064487.0,134486,577,86,-0.681,Solana,Meme,96.2
44402038185.582924,67300384.0,455996,201,8,0.218,Polygon,AI,115.98
2291811273.228444,29219933.0,285151,1564,71,0.381,Ethereum,DeFi,107.81
726872811.5079142,7195624.0,461855,2118,78,-0.495,BSC,Gaming,98.18
45828331592.59036,285451374.0,261946,2042,11,-0.934,BSC,DeFi,110.49
4344973678.09837,9284530.0,266718,1620,77,0.109,BSC,Meme,101.24
2620400065.5204525,56227061.0,262062,3984,90,0.559,Polygon,Meme,113.92
985653738.3614898,15226218.0,23290,2061,19,0.983,Solana,AI,102.57
1074612974.0148702,46621242.0,2286,3563,27,-0.379,Ethereum,AI,92.8
21139458686.59132,22072432.0,492761,1468,87,-0.387,Polygon,DeFi,109.7
2590640656.37987,60797883.0,21425,2349,85,0.414,Ethereum,Meme,109.94
1880172637.2327018,25249578.0,191738,1258,10,0.571,Ethereum,Gaming,108.2
1944177141.7374666,15279353.0,429801,2687,4,-0.425,Solana,Gaming,107.57
23527575029.71278,89299969.0,438548,2554,86,-0.779,Polygon,Meme,112.06
1767273120.992461,275486902.0,350099,3248,84,-0.499,Solana,DeFi,104.05
7618089991.0488,92835754.0,225372,2173,28,-0.5,Polygon,Gaming,105.63
4933775136.422845,71450623.0,47229,315,,0.026,Base,Gaming,108.22
4777193322.941093,19886033.0,239856,1302,79,-0.613,BSC,Infrastructure,96.69
1251111843.2840216,57698312.0,330999,3151,50,-0.851,BSC,Gaming,95.34
7901078337.868288,103227842.0,77434,3363,95,0.931,BSC,AI,116.06
24707147680.4284,30834547.0,113663,2448,55,0.213,Base,AI,109.8
3367308675.350559,169653228.0,396572,814,23,-0.965,Base,Infrastructure,101.28
1188912763.955477,60246903.0,296462,1739,71,0.43,Polygon,AI,113.62
761158047.4061732,92878108.0,318509,3050,85,-0.637,Polygon,DeFi,98.51
4506835188.424303,36408955.0,384575,2252,39,-0.209,Ethereum,AI,106.24
2586623358.759671,36673998.0,304053,3218,15,0.098,Base,Gaming,105.84
3162887276.4906116,80033591.0,490386,468,85,0.465,Solana,AI,112.67
3636160751.9756184,95852909.0,418610,1989,65,0.926,Ethereum,AI,122.76
610180157.2092857,91867240.0,102102,3280,59,-0.498,BSC,AI,92.67
9156980014.022152,20460463.0,237854,547,98,-0.92,Ethereum,Infrastructure,108.21
4748913377.903177,27916138.0,30976,129,6,-0.6,Base,Meme,97.1
3277873255.332849,61098506.0,10999,1856,31,-0.341,Ethereum,Gaming,96.78
4734910381.594442,8102710.0,264526,3549,78,-0.566,Polygon,Meme,94.86
10892839301.52544,197016069.0,373502,156,55,-0.155,BSC,Infrastructure,112.14
3822267119.415545,88350855.0,66607,1430,79,-0.144,Solana,AI,103.84
1292338575.416344,65168997.0,265499,2756,71,0.897,Ethereum,Infrastructure,111.55
14529977633.331491,28413032.0,497273,2638,35,0.9,Ethereum,Meme,125.29
2131328614.2114446,153540698.0,398754,611,91,-0.125,Ethereum,Meme,110.86
1501057923.6537566,46082685.0,208778,497,46,-0.273,Solana,Meme,101.75
550096890.740345,502813405.0,227611,104,49,0.768,Ethereum,Infrastructure,114.17
3619124581.479379,95803841.0,456485,2748,31,0.402,Base,Meme,116.0
1019754315.190451,12051661.0,25809,1256,50,0.775,BSC,Gaming,101.26
1922784816.6301968,138306281.0,43935,3290,55,-0.154,BSC,AI,97.47
6146477129.622457,34759001.0,82942,3996,83,-0.956,Ethereum,Gaming,89.87
3730931819.427929,35008170.0,160619,2760,62,-0.403,Polygon,Infrastructure,98.79
12137245147.434422,47579327.0,50302,3453,,-0.598,BSC,Meme,101.97
5170135608.06787,53737899.0,276242,2344,70,0.242,BSC,Infrastructure,110.64
2207939272.865581,81809148.0,256436,1934,17,0.181,Base,Gaming,104.98
2413531118.191751,143332617.0,107685,3009,57,-0.779,Polygon,Gaming,99.34
1950109257.409583,102064028.0,130338,2742,94,0.603,BSC,Infrastructure,106.93
7786408419.601562,27893796.0,382103,785,71,0.362,Polygon,Meme,110.57
3678458696.366958,13990357.0,406712,3639,20,-0.172,Solana,Infrastructure,102.61
2189404647.258652,25449998.0,346695,2672,86,-0.123,Solana,Infrastructure,102.44
9881278441.08493,91832775.0,412788,2899,24,-0.065,Solana,Infrastructure,113.08
4024003806.550669,160421568.0,1918,2447,1,0.367,Solana,DeFi,104.3
2050516606.5968282,446967779.0,15308,2150,0,-0.026,BSC,DeFi,99.61
583831634.568372,14026296.0,70276,467,0,0.803,Polygon,Gaming,104.12
6059942898.888557,67302142.0,470443,343,60,0.255,Polygon,Gaming,116.3
4773999952.059356,47927898.0,330726,46,65,-0.276,BSC,Meme,107.42
3812677229.876476,39598663.0,15554,1852,88,0.554,Ethereum,DeFi,109.15
2129431162.1566558,71712952.0,470810,2356,91,0.159,Ethereum,DeFi,111.75
1318574765.6802096,46885744.0,414488,1588,96,-0.623,Polygon,Gaming,105.42
2731078636.0174756,45925752.0,302542,3769,67,0.328,Base,Infrastructure,109.2
4732461445.395934,30222553.0,64431,2992,15,0.793,Solana,AI,110.31
3075025256.008317,95131358.0,283125,308,0,-0.077,Solana,AI,110.85
3013433939.1347027,196519508.0,180573,2527,74,0.158,Solana,DeFi,109.97
2044030253.4489558,371149787.0,205820,3492,78,-0.851,BSC,AI,98.91
5383938127.391504,34511598.0,349452,2127,93,-0.888,Base,AI,99.99
4744971845.973213,19300347.0,424526,1419,38,-0.488,Polygon,DeFi,100.66
1453305527.9566329,46103156.0,138555,2505,34,0.901,Ethereum,Infrastructure,112.23
8926741403.409409,24554221.0,170542,1592,6,-0.789,Base,AI,97.65
9266097029.052662,190907515.0,245452,799,55,-0.364,BSC,Gaming,109.48
9516706390.956741,24982326.0,296102,1351,,0.316,Ethereum,Infrastructure,115.82
3064728259.574838,66754734.0,62394,2176,62,0.786,Solana,Infrastructure,112.85
2839819760.7288537,14033883.0,497668,749,,0.918,Base,DeFi,118.08
892016288.8162246,41878993.0,491948,254,63,0.281,Base,DeFi,110.67
8866910639.047342,75930927.0,179335,1427,56,-0.91,Solana,AI,99.86
276314013.1299836,330824661.0,123191,3445,63,-0.121,Base,DeFi,103.57
2242481958.7741847,28707081.0,243432,3681,34,0.797,Base,Gaming,106.4
2384347886.7695627,92357897.0,71732,3479,5,-0.386,Base,DeFi,97.74
10016128189.683126,6252101.0,85500,2118,84,-0.989,Solana,DeFi,89.89
3582275986.148108,16289333.0,286672,3881,,0.848,Ethereum,DeFi,114.6
1126788072.1512296,25084300.0,140643,1263,,0.781,Polygon,Meme,106.7
647015909.4999406,35490028.0,111742,2270,41,0.457,Solana,Gaming,102.71
1494473150.0657194,98669783.0,476604,2105,59,-0.667,Ethereum,DeFi,108.51
4074162557.4416504,123011103.0,122189,2197,17,0.436,BSC,Gaming,111.23
3829714448.477232,10460790.0,224966,186,64,-0.749,Base,Meme,97.96
2828037779.3153033,109870680.0,101850,1828,68,-0.502,BSC,Gaming,98.2
1577023382.2727594,17984359.0,155856,2241,,-0.952,Solana,Gaming,88.63
2785917775.1450634,461608747.0,329178,154,64,-0.57,Ethereum,Meme,103.18
11870421211.919289,86500232.0,236782,3844,6,0.774,Base,AI,122.68
957164522.4177644,72485500.0,327540,3581,5,0.493,Base,DeFi,106.61
3732604100.183937,50427592.0,438118,1932,2,0.354,Ethereum,AI,112.58
25003535290.05853,59051397.0,131168,848,58,0.204,Solana,AI,118.8
6972181410.472098,61400402.0,459176,1327,77,-0.563,Ethereum,Meme,108.52
2074274424.7956498,28632405.0,474236,641,31,-0.827,Ethereum,DeFi,100.06
7924034589.908463,139148307.0,221941,2656,7,-0.493,Polygon,DeFi,104.77
1453980698.6330898,82366215.0,158177,1000,62,0.717,Ethereum,Meme,106.86
3615359834.662465,139557237.0,165126,257,53,0.033,Ethereum,Gaming,108.26
23140316487.638107,57226762.0,231100,1578,32,-0.859,Polygon,Gaming,106.27
34802787608.88889,129311478.0,390694,2330,37,-0.432,Base,Infrastructure,111.17
461339345.0687234,26613532.0,128302,1889,90,-0.098,Base,AI,94.29
8304645021.845831,3085797597.0,487920,2969,27,-0.648,Base,Gaming,120.21
37153917700.06616,28023888.0,42851,2746,95,-0.786,Polygon,Meme,99.3
1863259456.5348632,37482730.0,124404,1704,68,-0.021,Polygon,Infrastructure,103.34
4891616972.012288,176400774.0,151702,1340,52,0.751,Solana,Meme,121.94
21876714589.496765,237571405.0,201579,2218,13,-0.537,Solana,AI,106.26
1985179119.772619,25505527.0,201484,2981,,-0.131,Base,DeFi,100.86
6166695330.077894,9826156.0,341393,1746,84,0.596,Solana,AI,110.08
3339050067.1854763,13146497.0,425985,1370,7,0.13,Ethereum,Gaming,102.1
355686391.4294071,20515524.0,479554,2315,86,0.262,Solana,Meme,108.7
5430763878.110309,25804764.0,476956,907,90,0.43,Polygon,DeFi,116.96
2874245981.7616396,51036515.0,142300,2413,78,0.629,BSC,DeFi,109.19
10918861382.71731,189820973.0,323905,2420,39,-0.893,BSC,DeFi,106.33
44203271355.73014,200568894.0,124164,3693,,0.142,Ethereum,AI,114.03
8144997661.993791,31216894.0,50123,3694,22,-0.826,Polygon,Infrastructure,91.66
2306790879.664967,110641448.0,250237,1442,17,-0.68,BSC,Meme,98.15
6152849681.967157,161206740.0,65569,3702,59,-0.897,Solana,Gaming,95.64
4567070915.548521,286282830.0,414726,3659,30,-0.65,Base,Gaming,104.66
12235120301.731781,51270773.0,44453,558,19,0.747,BSC,Gaming,116.59
637748553.8444165,26963144.0,184127,2632,2,-0.662,Base,AI,89.7
884388510.3781654,139215924.0,200338,1561,71,-0.957,Solana,Infrastructure,90.65
308052556.5007905,323126504.0,314541,1785,89,-0.492,Solana,Infrastructure,99.72
7427843813.586935,34280014.0,177276,3157,52,0.539,BSC,Gaming,113.13
3504073540.713975,520436308.0,420274,1340,21,0.06,Base,Gaming,119.79
1662909388.499149,404200286.0,379372,2758,80,0.089,BSC,Gaming,112.58
1501459780.9647439,45703502.0,200205,42,64,0.321,Solana,Gaming,101.98
1804177273.7292721,10868175.0,84395,1253,79,-0.374,Solana,Meme,91.74
1177454977.9539073,31643342.0,462892,1581,55,0.579,BSC,Infrastructure,114.94
2437693332.262208,41414498.0,321854,2986,23,-0.014,Solana,Gaming,104.34
1981145459.1601582,109455385.0,101260,1164,33,-0.383,BSC,Meme,100.78
19005022048.207016,9709373.0,186757,1550,16,-0.476,Base,Gaming,107.46
5284103538.167005,884180620.0,371273,3695,13,0.966,Solana,AI,121.26
1342464499.6327982,800357838.0,356321,828,52,0.574,Solana,Meme,112.63
1779034528.7743428,27506353.0,228089,154,40,0.112,BSC,AI,103.24
15111597192.869043,7863094.0,481710,1144,50,0.027,Base,AI,111.87
6169680048.761415,50579547.0,497489,64,84,0.214,BSC,Meme,117.7
5108742438.769418,97119403.0,74680,1836,,-0.952,BSC,Infrastructure,91.22
8512283298.132859,267790201.0,265597,502,87,-0.833,Polygon,Gaming,106.08
24048438308.00329,133214467.0,4824,1697,12,0.297,Solana,Infrastructure,111.46
831895089.8107016,48748375.0,470843,367,82,0.346,Solana,Infrastructure,105.04
1465101816.2959013,6981721.0,295871,2606,21,0.779,Base,DeFi,107.8
443965052.41707736,106658706.0,9201,1078,60,0.232,Polygon,AI,100.56
6492134258.066717,153688481.0,362421,3371,5,0.485,Polygon,AI,122.67
2275391427.479024,43218737.0,397628,2044,32,0.131,Solana,AI,107.23
1600815024.2048004,82238928.0,187763,2848,58,-0.197,BSC,Meme,103.81
1436284585.886819,76005921.0,142920,1630,0,-0.087,Solana,Meme,97.72
8218288398.7755,46483025.0,386471,2838,4,0.908,Polygon,AI,123.62
3022964307.6521597,17028357.0,400200,3744,7,0.865,Solana,DeFi,115.68
1896684594.2768126,88483356.0,167078,2056,44,0.766,Solana,Gaming,116.16
16170148140.562746,12758979.0,163979,3998,21,0.146,Polygon,Gaming,104.11
1021678275.9701508,283675750.0,29634,3017,70,-0.572,Ethereum,Infrastructure,92.74
786218287.9866397,22587175.0,159543,3276,,-0.843,Polygon,Gaming,85.19
80665313165.54233,104302833.0,439033,3410,74,0.82,Base,AI,134.3
2305865516.466914,27156715.0,22486,946,35,-0.794,Solana,AI,90.06
1867440235.8819144,92023186.0,339475,2891,43,-0.289,Solana,Infrastructure,99.38
1497548950.9055316,48073597.0,187266,2271,41,0.626,Solana,Infrastructure,106.6
3041832678.337467,108908169.0,23280,72,40,-0.587,Polygon,DeFi,99.49
9170822180.443033,25392382.0,284552,2939,88,0.595,Solana,Gaming,116.36
8854181356.789268,10081473.0,253956,1485,94,-0.526,Solana,Meme,101.99
6886778977.059223,44457350.0,400601,2509,87,0.569,Ethereum,AI,113.04
2566161888.157929,41141307.0,324421,756,64,0.423,Ethereum,Gaming,110.24
599682828.7310195,11574863.0,9268,3826,93,-0.428,Polygon,Meme,83.35
5034333754.350847,28333347.0,325490,3927,12,-0.325,BSC,DeFi,100.23
22182213911.28524,9603488.0,65330,1258,54,-0.275,Solana,Infrastructure,103.85
12934116532.86093,68636177.0,199829,721,14,0.155,Solana,Meme,114.0
2929477988.743183,40097059.0,334132,3104,23,0.813,Base,AI,114.51
9391258187.418573,61474940.0,11829,2777,74,0.092,Polygon,Meme,100.65
2257242108.8431325,1059260169.0,183633,3666,24,-0.167,Ethereum,Meme,105.37
3355351326.6639533,71993107.0,112904,1638,29,-0.218,Base,Gaming,100.92
815051692.5304091,91234380.0,225380,1858,43,-0.649,Polygon,AI,100.76
2455230378.8248744,120584027.0,440227,1115,97,0.34,Ethereum,Gaming,112.39
4243603166.1703563,51901173.0,131129,3972,88,-0.008,Solana,Meme,100.32
2926723955.2260127,31568501.0,418002,696,35,0.79,Ethereum,DeFi,112.73
9031242103.887241,158882647.0,450560,1534,55,0.032,Solana,DeFi,113.34
34368590652.742455,187597839.0,162430,542,32,0.911,Base,Gaming,121.63
17508725225.938,2444777.0,45292,2461,,-0.12,BSC,Infrastructure,99.1
2486288085.2849665,50576921.0,104996,2722,64,0.031,BSC,AI,108.48
1490802466.0544608,41596361.0,331306,3410,4,-0.635,Ethereum,AI,96.98
1638109078.350029,32472788.0,368952,3660,75,0.578,Base,Infrastructure,105.18
1108907601.568826,236779071.0,341044,2853,59,-0.943,Base,Infrastructure,101.33
3734261990.4566216,33534322.0,254895,3673,,-0.642,BSC,Infrastructure,97.16
5942182944.365802,156085457.0,443300,3513,39,-0.37,Ethereum,Infrastructure,108.15
4465501668.391586,33207381.0,464932,3887,28,0.678,Base,Gaming,115.67
4522722649.588625,38526213.0,99426,1065,,0.222,BSC,DeFi,106.68
4334361866.237444,134413031.0,25646,1992,59,-0.386,BSC,Infrastructure,100.97
3059554270.6542735,26775591.0,227992,2811,90,0.83,Base,Infrastructure,113.87
1470947394.5012007,50464803.0,355423,571,7,0.663,BSC,Gaming,111.49
28397730742.105972,17911495.0,232458,2415,90,-0.938,BSC,Gaming,100.98
12600949290.207514,22762920.0,112240,3645,66,-0.516,BSC,DeFi,97.53
1205418898.3888178,133379892.0,374729,1559,67,0.394,Base,DeFi,108.43
1209786964.055664,114641233.0,271998,2259,,0.741,Ethereum,Infrastructure,110.86
1773951904.3829467,17120879.0,59360,3114,25,0.484,BSC,Meme,101.84
3729852362.03847,16384953.0,381424,744,95,0.768,Solana,Infrastructure,109.62
16241820783.53914,991265477.0,479434,469,6,-0.748,Solana,AI,110.48
12116282847.375597,29691771.0,66368,3295,19,-0.984,BSC,Gaming,99.04
12910418102.843363,23092112.0,483312,2200,89,-0.118,Ethereum,Meme,115.53
13225347535.710913,105710126.0,312939,2651,46,-0.873,Base,Meme,109.01
13523338489.810791,25638410.0,188405,2821,,0.324,Polygon,AI,114.36
8677744706.302818,40264670.0,273983,2208,42,0.831,Base,Meme,119.96
6185071229.463903,160641251.0,67364,1709,,-0.162,Base,Gaming,110.07
3107657086.1224213,180310896.0,399462,1748,54,0.159,Solana,Infrastructure,114.96
442290802.5873582,48425142.0,484877,2572,61,-0.225,Ethereum,DeFi,101.54
3069969319.82047,263017740.0,347091,3986,3,-0.671,BSC,Infrastructure,103.62
31159134282.378162,51338421.0,296274,1809,94,-0.764,Polygon,Meme,107.16
1875311087.5220907,46185484.0,13610,3460,52,0.432,BSC,Meme,105.12
1691984572.6323912,59718075.0,339920,2105,33,0.809,Solana,Infrastructure,113.97
12153689580.81995,42899721.0,300503,3811,8,-0.27,BSC,Infrastructure,107.1
3949085188.9009824,107301219.0,488326,3050,25,-0.728,Solana,Infrastructure,105.58
2015103496.492053,82023561.0,198002,782,92,0.659,Polygon,DeFi,108.91
23241278211.179394,25638207.0,401531,2259,8,-0.476,Solana,Infrastructure,115.46
7581576658.816605,73284139.0,400549,1216,42,0.535,Solana,DeFi,119.29
8898010252.633743,33134478.0,283218,828,62,0.305,Ethereum,Gaming,106.25
1820741203.4068375,31849879.0,272222,3537,88,-0.38,BSC,Meme,102.68
6509067561.117058,51576517.0,315688,2706,80,0.023,Base,AI,107.44
5632343913.657242,184234909.0,322208,3386,73,-0.261,BSC,AI,108.59
9108679722.962393,81463866.0,181814,3953,70,-0.749,Solana,Meme,101.38
14235484233.358042,242445150.0,99029,927,,-0.552,Polygon,AI,107.79
13846359887.226814,335089045.0,101450,3095,22,0.144,Base,Meme,112.66
4398762013.973072,57905147.0,45464,2444,46,0.56,Solana,Gaming,109.7
8199993456.417227,30898684.0,61312,2230,91,-0.818,Polygon,Gaming,95.64
907229804.7314286,25289704.0,210452,1980,,-0.602,Ethereum,Meme,100.89
7760670233.172076,81662160.0,304031,3958,68,-0.977,Base,Gaming,100.94
8149137837.3037815,155815583.0,157281,2191,88,0.968,BSC,AI,116.44
2248153213.058019,342858149.0,192032,2104,21,-0.787,BSC,AI,96.1
1416567578.0210125,14283624.0,37737,652,,-0.24,Ethereum,Meme,94.56
3340850388.573357,166088790.0,136701,3081,59,-0.889,Ethereum,AI,96.19
835763521.5042155,195472237.0,73568,851,62,0.002,BSC,DeFi,101.83
5396717998.760675,878608920.0,146325,1038,8,0.265,Base,Meme,115.27
5105791854.847672,74075873.0,232965,367,1,0.048,BSC,AI,105.09
1148495728.1470695,58252907.0,409516,1776,49,0.356,Base,Gaming,110.31
3795496705.7630067,11356661.0,488683,796,62,-0.569,Ethereum,DeFi,100.65
12909834385.090384,25669424.0,495927,1630,22,0.829,Ethereum,Meme,120.15
12831028876.671974,17947704.0,59088,1956,23,0.536,Ethereum,Meme,107.03
12053840981.947502,19910669.0,163222,2082,37,-0.621,Base,Gaming,99.61
2993077734.2921653,22500310.0,114793,2063,5,-0.094,BSC,AI,98.61
2389237152.937512,11212510.0,412685,3830,43,-0.96,Ethereum,Gaming,93.87
2242740824.072253,54712866.0,381295,2645,36,0.658,Polygon,Meme,113.41
7300550944.076973,92685128.0,29352,3809,59,0.792,Solana,Meme,109.57
60278465887.9204,140127583.0,216825,1115,57,0.048,Polygon,Gaming,120.63
19350905449.64097,54641032.0,147725,1365,34,-0.282,Solana,AI,108.67
24038618186.78782,194117634.0,466227,2138,37,0.599,Ethereum,AI,124.09
18112812169.999683,196304147.0,319694,61,79,-0.291,Ethereum,Gaming,113.4
517583851.9797625,11457125.0,407059,1747,49,-0.906,Base,DeFi,89.06
2817559431.2574024,45071851.0,450814,3860,43,0.329,Solana,Infrastructure,113.12
2133067202.6145701,15409312.0,342328,3079,34,-0.187,Polygon,AI,98.1
16058325200.46808,20751151.0,255605,1965,63,0.994,Ethereum,Infrastructure,119.06
27188582357.726135,74602745.0,161061,3556,99,0.028,Ethereum,AI,112.17
1616127470.9468732,53105966.0,339405,2392,5,-0.768,Ethereum,Gaming,97.22
3755143821.0112286,305055337.0,404358,3044,53,0.568,Ethereum,Gaming,121.09
6996052078.595321,580048014.0,153516,1058,44,0.92,Ethereum,AI,118.28
1994884748.35373,96928724.0,48524,228,71,-0.758,Base,Meme,94.77
1686251672.7477093,49495256.0,102699,467,9,-0.358,Solana,Meme,99.25
1590116171.8182826,52089460.0,258337,1870,,-0.03,Ethereum,Meme,105.49
