size,price
156.11,428110.65
334.72,832909.26
266.92,737529.47
225.58,668217.77
88.37,275002.96
88.36,271699.84
58.01,172483.76
308.51,810916.5
226.35,658349.7
259.5,705931.28
46.38,218043.6
340.67,933371.27
298.06,808097.13
105.83,287452.17
96.37,277426.07
96.86,274344.61
134.32,418106.75
202.67,583073.72
173.9,474476.0
130.28,430028.23
229.67,653425.69
83.24,268430.19
130.56,355861.15
153.57,449740.78
181.38,526919.94
283.4,734085.05
101.9,355592.35
199.41,607074.48
223.65,623608.48
54.4,138917.9
228.34,658745.1
92.86,273435.15
60.17,196923.81
334.15,909238.16
339.35,928881.35
290.6,851461.58
134.43,401967.56
70.28,180291.2
252.11,752660.26
176.45,552846.72
77.83,325799.5
193.5,518069.29
50.66,170139.55
321.89,815861.03
120.22,361928.47
245.38,677629.17
136.63,448797.62
201.22,550179.08
209.48,545770.64
97.3,268599.99
340.57,856797.29
280.29,805725.49
331.24,835700.32
317.4,869602.43
225.35,577837.37
325.78,876857.4
67.43,253836.25
100.75,302858.23
54.02,145150.73
140.85,402021.43
160.49,458968.12
124.12,370321.13
296.91,781846.16
150.59,448203.92
127.09,283279.34
208.24,574090.25
83.69,231881.04
288.68,822468.28
63.11,194301.45
345.93,884074.18
279.4,751450.08
101.6,300290.52
41.71,139025.35
292.79,795846.26
259.13,715564.35
265.99,768434.34
279.09,764728.08
62.95,190585.9
151.12,497025.08
75.92,183571.31
307.56,791604.4
233.22,685060.05
142.58,387456.28
59.7,175553.25
136.4,367025.62
140.81,395035.32
266.18,795976.52
237.64,697513.37
315.04,889511.08
186.39,489235.65
77.07,194737.45
261.11,649908.54
275.84,747965.11
214.0,637666.4
279.0,795536.58
193.08,543924.57
202.05,575058.81
172.54,471891.97
47.88,162267.42
73.45,242878.9
49.74,112150.52
237.29,681484.91
137.45,421368.81
197.66,550980.99
321.35,898196.12
117.28,421642.86
167.22,474359.75
274.22,780020.23
110.93,297588.12
63.86,200953.25
129.82,385843.68
89.98,268998.41
328.21,860876.78
290.52,814029.53
236.36,713858.14
310.15,866387.69
289.14,833418.72
97.84,277058.24
316.69,889730.39
207.2,598471.59
290.31,778810.76
317.79,879146.75
138.58,366820.73
74.12,202640.42
110.66,324676.73
172.4,501095.48
293.58,779405.56
306.83,877130.89
42.16,159606.68
198.33,544184.07
169.4,437535.29
108.85,309706.93
77.16,216111.67
144.66,417076.48
332.3,888890.39
140.19,340878.78
200.83,560659.17
257.94,717750.66
152.73,455461.97
341.25,896425.56
338.36,962135.21
118.05,281985.52
194.15,592914.48
133.27,374951.33
128.3,393574.22
51.43,167130.98
228.96,684206.53
195.83,546687.87
55.96,142862.68
126.38,405050.48
321.56,874229.15
114.26,335537.97
84.92,286808.84
191.73,515823.61
345.55,943388.52
115.04,313321.65
248.36,697978.56
276.1,775055.2
113.67,282244.05
265.75,723561.97
154.01,480625.67
236.01,695662.99
236.39,668218.01
206.09,594306.78
67.99,197122.56
298.94,868263.73
139.44,392980.07
97.82,291080.86
52.64,202057.83
223.18,610912.27
250.04,753131.67
45.14,103639.8
198.75,615384.49
110.21,306594.68
240.0,672488.56
94.05,217317.22
254.19,703562.1
159.89,425528.5
330.39,877685.22
82.63,239641.43
145.73,445432.5
75.18,230590.78
326.66,897505.51
311.98,824086.58
119.96,318191.93
244.6,745952.31
293.34,792448.87
212.11,653436.08
204.19,574426.56
114.97,330913.88
68.86,240279.05
318.14,908496.16
319.13,869139.93
236.26,658093.08
145.1,413240.91
148.25,433960.59
265.05,771885.51
318.1,870396.13
315.0,882125.87
281.76,835932.14
239.03,688604.88
66.08,210465.56
90.1,217921.42
318.55,792306.71
227.99,659028.73
42.85,141251.68
71.46,199350.26
245.69,702184.74
41.57,139247.71
89.85,296646.23
210.11,600771.77
254.49,695570.77
242.11,715087.67
109.52,309372.24
260.78,750029.15
113.55,312597.36
140.87,383523.22
271.41,763738.03
241.39,683844.53
303.26,851848.27
243.86,681981.18
216.18,559897.1
69.04,195636.49
153.99,463849.0
122.21,341930.31
115.64,325278.61
341.63,947692.86
161.86,440949.79
316.53,820606.34
235.65,663285.06
286.39,783459.68
195.82,529284.85
218.84,617069.39
192.68,564200.87
100.53,291140.27
263.96,751590.42
127.04,418673.27
47.54,145014.53
240.1,688368.05
94.9,261018.49
331.54,872862.73
335.72,889045.11
323.61,867574.63
154.75,452960.96
44.79,219188.15
327.78,869108.84
172.74,480624.45
339.66,912414.62
338.72,924356.77
304.43,848022.79
131.28,414627.34
159.38,382493.31
303.85,767192.62
138.25,380753.42
92.54,302899.8
212.61,558155.04
330.21,805323.64
255.77,738444.5
216.72,623796.56
70.12,178682.19
230.65,625032.53
346.92,898978.66
83.43,249161.3
200.68,553120.21
311.99,871797.08
269.64,671121.77
256.07,696396.5
257.77,692709.18
151.44,425135.17
131.01,359220.31
290.9,832686.25
291.14,753523.37
308.79,851271.28
323.1,897631.98
198.52,621542.46
195.47,542843.57
287.47,810310.03
241.49,629617.33
257.61,654317.68
286.7,824058.94
315.9,865355.34
144.78,449369.69
156.43,405732.7
69.13,224459.37
219.27,679568.97
51.14,176615.32
184.34,534229.58
208.22,593199.11
128.83,322131.1
223.16,674849.95
49.46,141603.87
51.58,180219.67
295.01,771524.66
151.66,398054.49
79.39,278339.48
201.9,564884.42
278.7,822885.23
106.9,306387.33
233.1,605954.13
66.46,228825.41
56.02,158279.68
204.72,604153.16
207.6,591965.51
237.6,627049.89
265.09,750182.17
342.51,985670.99
200.05,584938.29
140.12,399162.09
286.51,830524.45
123.96,362017.1
176.08,508877.95
64.32,163919.32
47.86,163089.01
338.42,942959.77
299.15,802969.1
255.75,763999.27
166.78,473482.86
93.72,246495.58
88.5,289146.7
117.58,329412.97
210.26,621398.12
261.52,727402.32
244.66,690371.1
126.78,378353.71
336.01,915892.6
268.75,694653.04
211.85,569384.95
229.63,679717.54
170.08,481621.26
116.8,320155.76
150.35,388985.91
274.93,737596.15
44.46,87275.39
75.98,223406.6
54.26,153692.13
52.63,138644.19
305.19,839790.43
258.13,738349.92
186.99,596231.66
70.33,166552.7
192.4,583450.65
186.78,562014.8
93.69,249679.26
174.49,504195.69
163.54,453328.34
230.91,660877.47
236.88,716673.58
54.04,189282.06
156.13,461341.73
234.02,650786.38
195.97,514185.0
305.51,836300.01
244.2,727127.9
90.51,218749.76
61.88,158874.29
239.15,681275.19
48.22,127401.4
221.59,606110.71
331.47,885402.71
218.4,580142.35
160.33,428758.51
239.42,699310.59
182.06,480278.27
209.14,547568.01
331.85,879981.71
159.69,478125.91
337.97,905107.23
320.66,861782.28
100.7,293208.91
61.5,137218.95
71.24,229084.35
45.65,162268.4
69.28,196947.26
251.73,740966.94
62.07,157183.37
138.88,431255.72
301.91,839016.22
47.21,144425.48
292.49,811898.18
127.37,361988.14
76.63,264732.28
255.99,689577.69
234.97,643396.02
312.02,888131.71
267.87,734442.41
289.08,831433.86
127.43,416344.5
95.01,264514.17
272.69,784849.64
290.12,772281.49
347.06,950972.89
167.91,485435.6
155.33,457998.66
280.69,764795.49
145.65,366636.49
328.53,907238.26
306.11,781994.69
172.99,484313.75
272.77,792842.54
273.91,773200.52
71.97,274556.76
319.79,904629.18
196.63,540931.12
296.2,822026.42
139.22,396933.01
317.61,821747.37
160.65,430676.05
43.36,128481.63
320.67,814653.71
68.3,208160.26
138.99,390240.76
334.52,854029.74
334.69,916678.8
217.77,640848.57
235.87,675497.61
179.02,501180.8
130.9,392774.82
141.89,426272.85
248.48,711478.27
273.24,741031.16
285.39,803871.2
284.78,829971.01
68.27,188773.07
193.27,614052.76
57.84,164711.35
210.35,599844.98
176.87,484662.79
315.19,870673.43
148.78,373047.93
76.29,210861.37
84.33,215450.16
276.07,776863.39
231.65,687128.16
71.35,233896.95
66.07,129940.19
257.3,786538.59
62.56,201090.02
294.78,794583.54
258.94,734211.73
65.22,204214.97
66.3,181657.86
345.86,932035.21
156.02,427559.44
154.9,430469.83
291.97,790684.84
333.65,859498.67
345.66,930102.43
273.55,784103.74
156.64,462974.96
65.89,225212.53
280.92,794448.6
213.11,590518.87
171.51,514834.15
320.97,835654.0
74.47,195521.96
192.71,520623.37
43.52,178086.49
185.28,556896.42
57.45,194135.47
76.83,260806.19
76.43,201232.67
241.26,693568.25
271.27,757111.06
220.84,653245.5
338.27,908152.21
156.21,434761.51
128.57,384767.63
309.27,877244.88
109.31,295264.81
338.6,910410.79
43.77,114522.27
340.66,841295.71
53.38,175498.84
316.25,884552.44
203.59,587893.24
347.82,871256.93
62.88,182510.09
211.69,536042.32
340.48,956984.49
202.16,543462.52
235.11,704314.23
255.68,749459.03
180.91,489229.01
234.54,631131.47
221.14,639154.7
319.36,847624.31
54.09,174296.67
127.1,349951.03
334.63,850997.16
315.98,798781.55
181.25,524025.04
232.24,642053.73
125.99,344750.61
98.32,306339.03
183.75,559472.25
149.54,419271.98
220.93,617865.61
64.1,211108.9
342.06,878214.27
345.73,932543.6
256.43,739579.65
206.19,607697.87
135.95,331092.59
292.28,789161.19
252.27,685839.13
90.41,267299.69
322.39,893796.43
294.99,863271.09
334.44,889206.05
264.97,730033.03
230.16,687750.69
169.66,493290.88
329.15,931419.45
308.48,857871.67
54.02,136335.49
48.17,116839.26
156.7,401161.88
291.27,829487.99
346.06,962124.42
86.63,309761.26
224.18,662272.54
158.08,486477.67
340.67,898858.28
301.06,797733.84
299.88,855230.69
185.29,541171.64
168.59,484610.09
124.76,369536.88
57.48,189267.3
308.06,886796.21
292.0,850197.06
349.91,949916.84
348.96,957215.41
212.18,619370.06
278.39,764685.26
332.88,923635.84
303.39,795917.36
116.68,367157.02
179.67,476907.3
80.04,245556.91
335.76,881312.72
227.91,663764.55
110.88,318580.11
248.23,653745.95
231.62,669840.36
151.03,414323.9
75.2,250864.38
248.19,701524.31
201.3,585488.01
279.42,752328.77
201.25,555820.37
304.18,825775.76
211.09,626619.55
213.89,658995.72
311.76,832329.15
165.08,503734.97
81.54,175824.48
48.92,122815.77
274.09,739138.62
232.3,618473.54
258.26,680260.85
106.02,318711.24
82.28,236404.92
44.51,159423.3
148.68,445742.13
222.87,641374.13
161.6,481292.26
175.62,499192.7
320.29,839325.22
147.96,454721.32
199.34,550469.08
282.93,761561.22
162.93,459996.77
232.85,633153.62
307.33,834123.39
334.35,914204.4
85.59,261995.8
327.24,862551.36
192.56,534474.49
120.06,377104.34
182.33,535164.84
343.81,984497.02
192.71,584947.1
141.91,440271.0
236.35,628353.78
114.45,352304.88
63.52,193051.89
79.95,220227.23
79.69,241123.2
87.09,283853.76
83.04,259847.63
238.67,649851.29
96.38,302534.04
147.16,401594.77
318.0,876555.63
186.93,524149.66
246.94,691636.04
93.42,295308.49
99.61,257740.4
52.67,226103.58
92.37,214886.95
126.36,344456.87
94.87,287318.05
67.5,222229.59
77.4,227095.21
182.84,519990.35
103.96,313048.62
152.92,430081.27
196.06,600746.71
254.02,741948.17
52.19,192754.26
287.82,772419.31
234.65,663019.34
65.35,190236.41
310.81,824213.52
325.47,896626.74
58.93,167058.22
125.83,380570.92
289.92,774319.77
271.96,814155.97
97.2,255570.0
104.9,309851.26
154.85,466207.33
190.2,525360.15
231.66,682899.59
154.36,404209.3
183.39,566813.49
271.72,762397.58
51.37,146690.82
118.26,330919.95
261.14,759431.83
317.51,851468.12
198.62,543653.41
204.96,577202.64
73.22,184020.08
178.7,564613.13
205.11,567292.49
115.17,356321.44
123.47,360612.73
156.96,418891.42
46.22,151960.38
139.84,423642.95
105.55,299394.01
141.52,440641.2
77.13,260052.46
316.06,893439.81
224.01,622733.41
250.52,675223.56
284.64,775364.34
194.52,560506.64
66.95,219672.27
206.5,523016.3
221.92,630548.84
271.09,765138.72
173.81,487848.03
79.55,274444.87
127.97,379519.71
152.56,475278.18
240.23,673907.23
216.94,645224.26
150.39,478903.77
345.82,965376.43
227.79,614061.38
113.54,319290.4
71.55,204685.71
87.39,270959.01
116.25,354942.26
89.81,237541.73
97.84,286201.22
128.38,307409.06
93.75,316452.73
318.0,854668.62
64.87,199732.91
202.6,567979.47
167.22,511883.08
344.54,838493.02
74.73,222716.52
163.34,463312.68
340.54,902384.65
308.31,900611.61
293.29,787775.55
119.95,367735.15
92.98,281822.66
247.28,736935.69
328.11,871247.46
212.6,583102.47
217.2,650695.19
126.79,376345.58
278.54,732557.49
97.98,268384.68
140.34,413109.24
171.89,515843.55
197.36,542222.1
115.15,243893.38
75.6,241151.17
229.29,614299.21
129.48,310545.13
220.18,541055.38
87.85,281934.07
189.15,543383.24
205.1,577490.57
56.07,217755.6
144.35,431918.72
81.67,289727.77
59.65,143176.77
346.89,926980.51
139.93,351860.9
291.06,802246.54
118.94,334325.17
251.27,728367.22
275.67,773185.72
224.65,656959.37
186.19,552266.93
167.67,543418.49
148.15,414064.26
328.15,863129.84
297.49,831589.14
339.16,889261.84
78.53,277516.28
266.57,740515.06
330.89,879959.17
96.18,265582.31
60.61,208923.42
269.75,752302.61
218.09,601006.36
300.97,882180.73
83.33,219906.53
286.53,799391.55
102.5,316343.64
90.73,216219.67
90.92,280070.57
292.52,780918.82
246.21,720952.38
202.15,547136.54
151.24,453029.61
311.93,890032.48
161.66,487579.01
293.15,821590.2
176.13,495796.36
156.85,430836.76
183.43,567508.04
133.43,361129.67
271.76,730968.51
195.84,578305.81
111.99,298748.03
318.87,843403.57
159.01,410917.86
208.5,579238.17
321.01,873975.4
233.51,669631.74
76.24,255646.24
331.35,913668.41
234.59,659514.15
143.82,405369.17
83.17,260489.29
286.15,835576.11
232.22,662639.72
205.37,570939.88
317.11,838338.81
284.47,749985.82
87.02,275298.84
136.63,408443.16
117.03,353837.06
270.62,755375.49
50.4,204416.6
216.67,601816.65
276.36,802188.21
311.8,855398.48
146.05,399336.01
294.59,835216.87
74.3,234379.08
302.4,846206.48
79.52,238070.98
163.16,464851.35
287.16,871484.61
86.47,289399.21
111.07,341799.66
263.9,745577.25
263.21,770685.04
238.76,691971.86
255.12,720419.71
208.24,583904.31
118.06,336921.57
147.17,325634.74
96.3,286343.27
321.62,863100.27
220.85,675638.74
164.26,469698.66
183.22,487117.86
333.66,901003.92
87.54,225301.4
221.73,644474.84
196.83,569830.04
229.55,680346.16
45.61,126956.05
310.36,854404.29
328.96,852052.93
215.19,633314.61
255.96,737374.77
325.97,901742.2
259.24,730342.48
87.29,268462.15
218.65,669935.81
228.08,639065.81
171.48,493723.38
268.3,720799.43
329.65,868377.71
326.93,891769.44
179.76,546119.84
75.1,216485.77
345.3,917976.0
300.06,817927.76
78.65,217309.38
325.46,894651.31
309.67,806935.47
200.84,610778.91
223.3,614595.32
163.69,489151.78
56.98,140234.04
143.91,431634.98
288.88,824112.37
41.44,152271.17
143.38,380253.82
163.43,474248.66
206.59,552921.37
325.16,877583.83
147.37,452198.55
147.56,445748.46
268.63,754665.25
180.19,484966.21
109.63,335538.32
180.26,514986.09
83.67,176865.06
94.68,299172.91
194.49,553827.59
169.87,521066.43
323.6,849067.27
152.34,340067.96
219.98,633844.12
236.0,677789.54
44.06,96249.23
245.7,665553.05
95.19,359720.0
337.93,901773.76
86.09,274773.64
168.53,461695.37
66.46,139356.02
349.03,926868.71
195.68,549919.28
224.57,626045.88
60.79,184380.71
272.49,771830.41
105.07,299237.59
318.4,832976.49
103.59,314312.78
99.11,229126.05
51.33,102971.66
186.34,553768.43
215.1,627230.24
60.37,185039.81
280.41,741628.36
180.52,493911.82
202.56,569281.62
176.64,456286.92
164.24,446869.88
213.49,627131.24
88.12,301054.05
96.4,267717.22
307.15,868939.45
333.3,844354.96
155.73,464723.69
123.93,331503.16
239.64,688017.79
166.71,468609.31
47.87,195712.59
88.41,232751.02
261.95,756076.43
244.27,682733.83
48.4,152629.25
108.81,308423.52
111.63,296294.33
248.29,701322.46
46.11,149991.49
72.27,224126.74
287.97,804314.22
95.35,301425.99
242.35,713735.62
113.84,296196.7
70.83,239246.05
115.38,296381.92
263.9,759870.3
305.27,860591.37
297.37,766579.73
163.13,468686.39
247.11,684578.71
103.55,276833.59
130.88,415502.51
317.86,850143.55
44.03,122709.73
66.51,204460.66
104.44,322607.12
48.22,152707.21
96.24,314881.31
220.74,643489.83
170.64,421841.3
316.73,851424.78
293.41,797811.02
145.96,431736.18
120.42,267141.8
157.7,527011.02
222.99,649656.65
123.1,357779.51
233.49,697711.47
166.92,546946.56
211.13,627161.57
175.2,528559.69
131.28,380039.78
334.02,898978.1
276.72,760135.03
83.44,221085.61
309.23,830258.99
191.1,504501.5
317.31,866289.01
287.96,751193.93
171.82,496242.36
46.97,152833.89
123.29,358249.52
207.91,576407.09
236.38,762360.11
119.95,385371.75
83.2,207916.63
298.83,834285.83
345.16,906557.89
202.96,547855.64
93.22,231588.44
124.42,369934.4
45.7,130449.26
323.43,910604.81
76.5,257605.09
218.72,663217.69
124.96,332902.88
211.8,617131.94
241.94,703909.81
297.22,809349.86
103.99,277652.66
43.41,193706.66
82.43,250069.44
319.01,891278.79
310.91,829932.62
225.2,603181.1
226.16,625301.75
246.16,692416.68
94.37,242924.45
323.47,881348.2
169.82,434201.68
158.77,419963.87
200.86,592547.15
54.56,190492.19
91.55,255571.79
268.79,724092.88
65.67,169242.49
226.98,633413.89
116.06,353167.08
160.68,486817.87
129.5,356224.03
150.26,394875.64
262.9,747721.13
132.11,353715.64
215.59,597810.88
187.58,574834.85
245.74,719831.24
330.42,900716.58
267.1,712192.2
106.63,314332.03
49.67,192322.03
121.3,337056.87
224.47,678315.49
55.94,214563.19
193.87,602722.65
225.02,648434.17
143.62,428358.82
278.98,822411.96
73.05,232293.49
63.29,179042.75
265.74,733449.08
193.6,559204.8
253.4,676441.23
174.8,494657.24
116.38,367627.84
293.92,750136.8
287.82,847442.54
255.36,753907.23
124.36,343035.2
222.97,649973.04
151.9,434219.06
68.39,243868.07
324.37,913005.35
82.41,201188.01
334.57,921942.51
178.26,502594.35
97.39,285455.03
207.99,570455.94
310.61,906391.98
266.99,781279.19
290.03,784497.57
244.22,650965.14
254.61,706715.87
303.25,850468.97
117.4,344730.96
191.72,584352.0
108.57,336990.65
346.18,955780.42
332.66,910305.36
52.22,124977.32
258.73,723093.73
326.83,920432.93
95.98,277628.87
216.06,629769.7
323.8,872779.85
50.52,131625.49
256.2,718726.93
132.18,387890.23
326.56,868414.1
341.03,909869.36
332.72,872444.65
187.01,567048.39
307.23,837589.68
301.81,877733.22
138.92,443389.64
296.96,820548.76
51.47,134574.58
224.84,576214.77
111.3,276597.35
77.38,188838.96
63.86,236848.97
255.85,724992.19
145.36,427345.39
264.68,677596.12
60.26,150550.3
137.74,420821.49
207.24,598825.42
285.12,790517.22
138.81,414169.35
234.03,712795.9
314.65,856180.54
230.92,657398.9
112.22,329045.28
47.56,227127.49
309.73,789011.85
46.59,173526.98
311.16,851706.37
203.97,598104.19
331.11,877661.4
287.62,799469.68
349.36,953921.29
148.72,518524.02
277.83,801389.0
164.6,444624.48
188.76,525707.14
234.53,651468.64
310.84,800579.74
345.07,914709.82
278.16,799960.81
169.51,445748.33
170.62,518582.8
268.65,768906.36
114.02,306195.08
74.25,217718.18
149.93,476510.01
129.04,391867.58
131.86,377979.69
112.42,316688.47
53.05,170974.08
45.54,135154.3
346.19,863582.33
172.61,554027.68
159.14,459267.95
250.69,720006.2
107.66,309054.09
334.49,882100.93
283.77,786074.99
67.72,157275.94
169.45,552124.53
312.53,821128.67
332.87,869958.96
184.89,514303.03
230.16,691899.61
91.78,268383.36
347.26,891628.56
111.82,359802.2
332.25,921603.01
241.39,699624.08
228.4,669952.07
198.93,638843.36
111.51,386873.09
94.72,255209.65
108.35,361397.15
97.8,295553.69
281.67,801534.4
148.54,373855.17
57.93,175586.84
340.42,891389.31
313.97,886172.77
327.6,922361.73
348.42,868620.84
93.91,272965.78
162.84,498726.02
275.05,764689.68
255.77,743173.64
87.71,267666.61
292.91,823741.22
109.58,307891.95
109.38,279005.76
206.46,554403.44
223.81,657250.45
219.83,625627.54
68.36,202737.9
312.01,844318.32
122.34,342037.93
80.15,268677.64
315.51,854620.26
336.25,867414.33
307.26,868791.91
290.95,802718.46
243.13,689030.12
210.77,648243.17
66.97,202734.09
166.62,484470.62
155.53,409027.88
120.52,339579.83
264.26,761431.51
193.72,505721.98
65.12,204717.86
108.26,315447.79
251.81,712232.19
63.6,225968.4
303.87,848883.07
193.5,596089.78
188.98,509233.44
223.65,639596.32
295.65,822456.7
147.82,390518.76
250.19,735424.41
215.38,682522.74
122.78,351912.03
312.38,872982.27
287.2,802466.12
244.12,669323.24
303.68,783787.29
308.86,828886.52
259.59,689432.75
299.47,879912.46
256.22,719015.11
250.84,698085.19
231.77,684299.34
273.34,732381.31
89.17,237993.95
313.07,861397.4
310.27,884054.65
49.07,174040.25
296.0,828193.84
79.95,239092.25
143.89,423508.38
270.49,764944.09
89.84,231874.0
293.57,816430.13
297.96,793084.47
197.31,564907.45
41.98,127611.44
128.98,445868.83
231.25,655014.24
344.17,880793.79
235.86,664641.42
120.54,361793.42
236.54,720694.63
207.4,572965.0
281.75,739285.74
73.16,243681.51
275.92,731014.94
207.79,578669.27
338.53,904375.31
145.98,415314.27
236.11,690015.64
328.93,872437.43
71.78,207406.51
330.54,895799.96
253.24,719228.29
61.03,191343.68
133.3,394835.07
259.53,756354.35
60.88,199811.17
220.47,640426.58
147.22,373444.46
232.48,661063.53
54.18,185832.22
310.18,874849.2
341.78,897614.93
340.35,895868.5
272.39,746440.37
80.33,253824.82
275.06,801325.49
47.62,143279.34
46.86,180905.11
140.32,405161.98
191.48,542347.3
278.83,773260.59
251.82,733421.6
178.23,518440.12
124.82,426379.79
349.11,906552.08
172.12,506907.71
179.93,497605.94
90.72,239054.62
286.39,797657.58
255.04,723539.66
108.44,400465.78
65.54,194213.08
250.95,674848.66
242.9,695676.32
124.71,295549.35
334.77,901951.57
86.83,255286.07
174.02,520605.13
332.52,929432.43
170.12,470590.03
237.94,669736.17
163.25,443274.22
125.01,324770.54
345.03,933847.74
166.89,438361.17
317.17,855823.96
111.29,290857.16
106.06,322930.41
49.65,214448.38
242.02,646092.0
154.24,385154.63
307.95,844282.92
186.7,533063.66
340.14,921790.09
97.51,269907.77
309.27,844957.2
280.75,795327.24
278.99,811206.61
301.88,775664.73
275.92,761361.71
234.13,670411.26
80.69,211130.8
50.08,213386.67
325.46,866743.71
231.16,654740.05
286.93,815950.44
189.27,522120.11
76.37,172038.96
78.81,220914.29
252.53,743745.87
173.39,484879.15
102.16,270455.42
192.39,576420.79
59.9,175679.47
220.41,611344.7
123.39,358597.22
287.24,823151.97
136.21,461372.15
181.12,541658.97
43.6,180676.81
62.46,176806.88
161.67,431002.41
188.78,540345.1
226.01,645180.71
130.42,341335.02
255.44,715206.96
306.64,857067.62
281.75,797574.61
52.28,181930.19
188.96,547700.49
72.53,202333.01
115.03,315592.72
345.87,890142.51
84.17,301352.61
194.66,555411.39
231.63,650496.84
257.76,698611.72
213.49,695638.23
43.03,112318.86
141.2,391078.55
200.49,583848.57
67.24,222048.9
148.69,453800.37
50.29,216188.99
64.36,211948.17
163.05,433987.53
81.14,232153.05
215.94,623565.94
253.73,778063.52
288.18,760341.99
102.05,331611.34
91.92,273716.21
72.42,242389.83
237.29,669452.14
259.01,704411.5
49.79,183271.22
330.23,915221.72
56.11,205359.55
207.8,591380.46
259.81,713753.37
310.0,805827.34
261.37,760331.73
288.54,815838.16
145.23,386312.49
292.6,796597.87
64.84,183961.25
317.39,824252.04
209.75,572675.3
293.36,780545.09
180.22,501924.0
239.51,656286.82
203.18,530096.9
266.79,810256.33
65.31,236725.59
58.71,159257.96
116.6,343503.54
89.46,274296.79
310.25,888882.99
107.96,287045.53
342.52,952555.29
144.44,396616.52
96.46,240382.38
284.81,815890.84
244.2,729664.04
194.44,632041.96
212.16,567897.88
262.95,760776.89
110.82,307144.1
348.86,955169.59
342.19,875043.48
241.6,646149.0
101.86,271747.63
250.87,710902.75
62.38,172560.29
49.5,179815.52
119.88,375199.39
183.41,541314.56
309.16,899298.28
265.42,758577.32
270.24,721763.58
171.9,531661.88
147.24,402801.9
155.02,470261.1
346.17,973894.71
52.43,180873.31
308.78,804993.59
219.39,596295.05
175.97,541961.86
264.83,739522.31
190.87,546740.06
310.76,877039.83
319.22,893541.88
170.73,495811.91
125.82,354605.74
223.63,626089.8
322.83,906047.68
105.31,320986.14
233.12,653555.79
235.78,700918.97
267.27,746903.03
80.79,213381.58
261.91,714362.2
321.8,848773.38
95.7,270260.21
113.64,364182.14
341.13,892988.41
96.1,285162.95
304.86,821380.29
192.61,541437.28
116.64,290138.97
309.93,845824.12
178.04,502337.59
199.59,585069.94
151.36,439297.95
223.81,600027.37
90.69,297576.75
161.24,466847.68
340.52,921910.84
120.02,344503.67
243.59,673786.6
140.81,409369.27
279.78,796200.77
80.57,185962.71
340.64,900040.23
180.67,507939.62
113.18,333583.68
62.78,228601.62
92.62,247047.94
201.13,558223.64
144.47,397771.48
296.95,798911.18
173.58,485081.02
117.1,359832.82
231.31,624779.08
259.1,742759.79
91.78,216897.6
91.96,251591.56
51.37,154689.59
268.28,803595.98
245.78,686883.08
187.14,467798.09
301.69,773915.35
289.76,807054.84
221.46,647941.36
309.16,861997.48
103.81,305344.69
74.7,257987.22
123.62,338576.91
57.7,206965.15
204.66,534071.95
330.35,868687.98
52.2,112382.04
77.85,223050.14
180.18,512805.99
329.5,897537.88
138.01,396819.35
197.24,534445.82
52.89,162574.11
85.99,207660.14
345.86,966989.09
339.19,904276.67
41.53,126304.13
335.06,952961.71
238.13,637480.78
309.05,816722.76
180.97,483534.34
199.83,567501.18
191.54,559202.3
246.73,719824.64
83.29,322652.92
49.29,92051.43
135.46,406068.19
258.45,711535.47
102.57,279371.97
248.76,684408.68
340.67,888994.28
69.11,259333.9
248.51,727593.35
177.56,507480.59
309.12,891175.31
94.92,230951.5
254.71,678646.61
299.82,764237.03
332.83,879862.3
251.81,715835.82
194.12,556600.96
231.53,661463.82
309.36,808838.87
216.89,641050.49
49.42,167033.48
328.59,914253.77
253.75,659283.78
249.72,714857.3
106.86,272978.02
244.25,679167.72
162.1,479013.17
241.88,687514.25
73.04,193321.31
243.93,690420.0
349.82,887472.07
54.95,207835.82
342.92,914405.93
166.14,507994.36
309.93,836646.75
282.54,772967.33
215.78,590956.4
268.92,781235.7
312.34,836470.79
165.28,491344.84
141.38,392969.27
246.95,638952.31
290.43,790527.33
276.31,738023.86
287.32,801235.69
175.03,463906.3
293.53,842730.24
77.26,227034.0
208.79,589204.57
41.79,161247.57
140.62,431225.47
153.6,438331.75
162.81,441873.28
255.59,667637.34
160.45,437741.48
179.1,492604.04
113.64,330382.82
155.71,434535.28
110.45,339069.8
62.69,174178.79
227.07,643151.07
247.15,734257.66
232.04,668616.71
183.68,522288.91
157.73,432564.34
307.63,828322.43
200.92,547043.75
188.55,521583.5
47.95,178961.21
145.79,410200.76
157.86,410489.16
163.64,520381.74
219.85,634716.16
205.42,542927.78
228.45,635366.43
277.11,778713.12
292.03,862547.3
262.62,705711.14
336.21,936849.42
45.65,192757.92
100.69,273007.5
42.34,134569.59
240.72,650585.84
318.39,864777.07
115.48,331139.12
327.38,909561.04
58.68,215268.84
329.68,872026.22
149.0,366914.32
71.44,214116.13
190.62,552463.09
119.6,351097.59
128.31,358014.49
135.26,390992.41
288.94,849544.88
207.14,601389.39
136.51,379542.29
229.2,635661.89
262.01,732294.33
124.51,406343.0
168.2,474771.94
77.78,230521.51
96.16,265182.71
251.15,742225.85
96.25,338687.73
202.8,591352.15
259.8,734219.85
73.13,220197.23
215.87,542606.1
119.53,365786.22
338.51,916089.6
189.9,554476.16
289.86,784927.79
210.57,587939.39
53.46,157346.06
236.28,700430.66
334.94,893679.59
226.5,705790.55
293.95,828863.27
314.1,823344.98
110.7,315263.3
105.73,285995.15
229.4,585381.19
167.42,526041.17
300.36,851914.87
319.01,888198.95
149.56,432470.98
113.43,285136.63
281.96,772763.51
125.19,384375.3
295.01,786889.07
171.36,413266.36
246.94,691382.43
69.62,205837.22
233.4,666089.0
180.05,535671.25
221.85,649722.66
92.08,276521.26
268.43,789585.1
307.47,801378.03
107.19,324648.32
69.67,229027.83
47.33,117608.62
239.01,632029.57
228.2,625559.93
209.48,576588.8
111.9,345008.83
161.18,441948.29
224.29,611581.84
194.0,534810.76
346.21,960320.31
82.3,243273.7
255.49,715219.21
165.34,468863.55
172.74,531898.6
262.46,716062.87
254.66,757879.98
347.29,935077.75
79.8,231551.74
72.27,291917.39
264.55,712201.86
219.3,612984.89
124.99,321592.46
64.62,225994.23
66.55,252983.02
317.2,918421.65
99.48,325311.96
140.25,395320.89
110.26,306954.05
150.05,378752.92
61.52,250714.88
200.91,586612.41
60.96,173476.29
288.11,841947.26
112.45,294724.82
207.4,602870.13
312.82,853638.55
241.77,703648.09
205.22,582671.52
140.54,358560.62
143.23,411919.73
247.54,731245.97
348.18,929539.76
245.17,716767.9
212.91,574601.85
266.5,748053.33
184.21,506853.29
58.64,204876.5
214.31,610784.23
336.86,929552.31
94.34,307425.67
253.9,737201.39
102.29,304385.41
206.11,557112.49
69.97,210909.06
179.61,496598.42
274.41,758370.83
147.75,411152.39
246.12,666637.15
286.59,739740.41
327.43,869818.67
112.74,330500.7
163.79,427324.44
87.25,256388.58
347.67,986475.86
327.37,920441.81
207.39,639930.44
301.03,844099.32
201.5,609214.54
233.31,640074.13
67.63,185701.98
274.13,685830.43
79.59,271398.6
296.08,867135.11
282.43,771809.96
259.71,723877.54
51.21,141572.81
133.97,395113.94
121.56,382803.0
151.64,381107.6
67.17,216149.72
330.46,887757.75
211.68,605949.86
134.71,399485.32
163.06,460073.53
178.63,506705.2
226.18,636034.49
199.86,598719.21
325.01,897430.51
194.06,559948.61
347.57,891152.48
303.94,827645.84
104.64,329525.4
328.48,893168.7
76.07,246466.54
293.41,867666.12
157.99,482515.87
312.17,860179.77
309.1,835256.15
289.84,729615.66
284.91,789363.62
134.45,375200.87
65.08,210304.18
164.92,466370.86
93.79,263707.92
255.43,667059.03
147.29,392901.67
342.44,933940.91
238.7,727763.53
294.97,815402.91
81.08,249540.91
307.22,874978.13
326.05,862706.79
190.99,555700.29
227.94,625014.22
277.09,801275.07
94.2,278951.25
195.8,567163.97
163.59,443718.4
85.38,272185.0
153.94,502416.79
61.13,158431.22
48.0,146225.39
81.9,248796.8
338.57,935770.42
210.35,582086.94
339.4,828817.46
174.07,537685.96
136.66,414000.82
196.9,509033.42
176.25,484838.94
72.76,265173.49
238.66,719599.2
106.97,337076.98
232.07,653160.44
241.56,686418.78
87.13,251669.75
59.02,217244.1
282.04,761174.9
182.54,496681.11
58.03,211253.42
348.41,929500.89
57.91,222004.7
255.46,700363.37
344.94,922733.5
114.15,300893.26
84.1,247829.61
77.63,186355.63
134.02,369132.81
71.32,171368.13
254.57,739010.82
59.31,205620.86
197.92,512266.29
348.98,971892.06
292.33,887052.5
230.72,656157.21
134.94,367115.77
233.41,746782.57
203.38,539891.1
172.09,491881.88
80.52,243626.1
314.85,903588.73
179.43,522869.25
100.33,275940.25
154.01,411537.1
168.38,470526.3
296.54,791779.14
267.42,752601.91
278.48,761836.44
43.42,100626.02
169.01,520213.21
189.22,524772.81
45.95,113441.77
120.54,341173.15
275.69,773917.53
82.5,191032.6
205.95,596561.17
106.71,276796.33
43.76,197581.48
114.77,346008.65
342.52,907800.1
288.48,780625.07
337.47,906887.46
191.23,563770.94
74.02,220609.87
209.87,591007.1
180.86,517854.33
301.75,815898.52
70.41,201809.8
191.35,483151.25
86.52,283190.73
140.65,411350.77
268.58,730893.39
187.57,592010.4
156.53,449813.17
162.29,432435.23
182.43,546247.41
283.36,802596.15
316.55,878753.37
336.15,894680.02
283.94,805586.72
137.78,386457.82
253.32,731619.91
175.66,444242.85
118.95,328793.12
300.67,883204.29
51.91,142887.71
319.55,855238.26
183.06,508885.2
237.53,636709.3
244.4,625224.18
317.49,862024.78
237.37,676786.95
230.32,652121.22
60.66,183145.08
200.71,573268.89
86.55,284762.69
268.6,748443.63
198.79,549384.7
250.87,700099.69
52.92,185737.57
66.29,243988.28
262.06,718682.68
62.35,194672.09
62.09,201211.85
43.75,116464.2
336.52,908777.62
268.63,710245.11
149.51,374288.53
131.93,388915.8
148.41,412737.67
280.14,788897.41
245.02,692592.84
97.41,253730.27
93.97,272446.7
70.5,175360.96
244.69,733981.61
276.96,734316.78
122.16,344843.94
46.49,121520.71
65.47,216686.11
340.04,905087.78
131.59,361407.68
278.46,804296.07
233.65,663577.98
158.4,468012.33
103.76,270748.25
77.63,188568.72
230.65,657819.78
280.14,773248.63
239.61,697511.48
204.39,579884.85
53.0,174720.42
340.23,866705.54
287.6,857540.49
130.77,369767.5
343.79,943136.17
226.58,618455.94
220.55,636274.02
271.9,723354.81
291.65,824080.74
243.51,678427.63
79.71,236998.78
144.86,435191.54
327.71,853464.28
109.63,295645.09
155.37,457657.88
173.94,559487.36
176.22,498829.91
230.01,670594.66
332.35,896678.27
114.61,388123.13
77.67,178389.08
101.22,296124.37
314.95,814684.12
240.2,605100.78
128.63,377632.62
292.94,817759.44
307.02,837410.85
302.42,832355.34
324.87,977516.31
118.19,331982.34
274.06,783132.2
182.77,502021.55
301.02,841197.78
265.83,739995.95
280.7,771873.22
243.41,743412.95
95.0,311874.62
208.96,599098.32
345.25,855827.4
330.59,885498.09
53.38,250586.37
91.09,259195.9
80.84,272158.42
265.05,788423.77
293.51,821484.29
106.19,281528.59
196.81,488010.94
300.62,851944.63
267.17,726087.08
208.09,597875.6
223.01,596276.03
197.59,555294.17
132.24,379803.35
215.16,620232.35
253.55,682103.71
310.73,890113.67
237.25,654489.59
275.95,722270.66
89.62,258935.83
183.08,523425.37
42.89,149013.11
116.47,375832.05
265.2,738451.78
347.46,925492.6
70.75,179878.6
164.46,494299.59
288.02,807423.17
103.25,286197.79
212.08,546510.05
267.25,794073.7
230.96,618590.1
98.29,267644.28
150.17,439978.39
282.98,753836.81
211.81,558107.37
41.62,77464.53
275.91,794034.31
50.95,147192.85
271.18,848442.78
102.77,267660.7
337.0,881479.39
154.06,423269.9
141.35,411648.3
86.16,238923.09
134.74,404154.89
311.76,827124.72
348.86,890221.31
154.18,386608.62
179.07,444340.4
263.84,726537.63
314.72,853929.49
223.84,617115.29
161.37,498230.77
167.91,516297.44
255.64,710933.81
41.0,85892.64
232.07,641443.82
150.2,411328.38
286.2,777813.29
68.83,187148.02
222.34,612344.95
189.1,527782.39
239.12,658343.15
60.1,192350.41
219.79,635767.58
214.06,581823.78
213.8,646568.05
227.08,615493.42
249.71,656941.55
289.55,816954.83
123.64,330303.63
295.77,829828.0
194.46,482346.88
63.89,237350.53
58.15,201411.57
143.61,365717.91
283.32,746201.51
259.38,780815.07
284.47,771233.88
200.35,545963.87
176.46,435687.53
85.71,241331.99
141.74,398622.97
174.55,519710.61
67.47,162647.47
108.39,267178.47
225.45,653975.9
268.06,782973.89
349.49,885679.09
329.27,926078.8
239.2,678734.44
170.59,519786.8
237.21,670194.98
283.55,715463.62
76.68,223702.37
167.07,508874.48
300.34,803966.19
158.99,442535.89
217.28,612750.91
222.21,544595.64
97.19,332563.09
152.29,408188.93
143.7,426142.68
48.12,154104.77
47.5,192936.77
297.83,837162.87
124.65,350578.16
200.6,544886.55
132.6,403748.37
331.61,842188.29
120.38,365154.28
173.19,461444.81
310.55,891368.54
301.0,837133.61
97.69,303101.38
288.82,806258.3
182.04,466870.22
189.72,515300.3
81.38,260652.48
64.99,203344.28
265.66,782138.71
193.9,564991.61
175.42,471729.8
266.15,724061.43
277.31,778955.52
89.26,191827.83
229.17,700779.61
81.96,255253.38
272.93,801807.98
243.66,642081.08
336.55,945571.12
61.38,256222.46
57.69,140466.81
127.48,388635.25
121.13,347879.48
116.56,288891.49
320.94,891100.48
117.36,362428.65
124.3,338625.97
275.41,806159.09
179.42,462034.89
280.78,739545.35
60.26,190594.81
191.15,545901.92
50.42,140772.44
59.42,208689.75
321.0,892360.92
83.17,270907.01
205.05,580420.26
167.44,496193.41
147.68,408819.23
318.95,933691.55
46.77,129066.33
245.77,758273.9
338.65,913393.41
213.65,566748.83
330.41,937015.16
56.2,180194.06
169.83,510410.58
120.65,383232.46
266.55,759113.73
344.2,905218.67
119.52,372675.04
242.79,687231.18
101.41,314387.4
215.25,547826.63
183.82,537883.39
341.32,898346.75
228.64,698745.51
148.35,442774.24
75.37,232056.63
86.89,269549.37
109.85,286821.47
117.8,387334.06
303.69,898175.37
213.98,620706.05
202.25,624010.24
75.58,208325.59
306.64,821186.73
264.07,743894.93
60.98,201326.44
259.43,718950.57
208.5,609845.89
65.33,208415.7
182.07,489591.99
190.26,558194.47
91.39,292813.78
333.17,906661.98
303.49,872562.67
247.4,662878.05
183.31,537079.04
167.65,443596.01
241.8,651144.7
209.08,576416.93
59.3,155846.96
198.88,550411.17
289.99,800150.12
182.36,545478.68
56.11,166551.82
283.75,744033.79
102.42,330755.12
120.17,320084.7
91.06,264264.64
142.37,420615.52
274.59,775134.07
201.01,605651.28
103.51,313879.97
312.13,831447.43
312.67,923836.23
309.88,858152.38
114.03,323818.13
179.88,542270.27
345.35,932623.35
279.32,792800.12
48.42,232197.38
60.21,178118.35
183.82,514940.14
321.86,881755.79
207.0,621686.25
194.32,508874.83
72.7,159009.27
243.6,671741.63
294.85,769037.22
157.93,438434.34
280.44,798630.65
338.99,886276.57
103.17,255767.48
202.23,578325.14
129.01,395650.04
285.78,745676.44
219.05,647525.78
236.72,695493.19
287.35,828915.83
162.75,501386.11
323.68,948144.31
205.24,573957.41
88.97,263752.27
255.73,708710.83
285.91,796888.62
138.2,441476.35
305.73,802685.37
320.9,850409.32
125.84,402247.39
344.89,954886.18
83.62,235462.11
102.62,322732.77
97.11,292449.61
317.14,913197.89
242.83,689541.04
87.15,286431.58
176.5,583038.62
230.74,672786.02
65.87,202065.9
313.55,882077.1
289.12,793550.03
196.61,632147.43
339.81,919993.41
169.51,475782.2
345.07,899557.49
247.06,731415.08
236.75,697063.61
91.45,252136.22
313.4,877366.0
172.52,447256.79
90.29,269536.1
43.91,160192.53
213.52,658880.19
203.49,556645.67
263.0,701578.99
315.98,838828.91
64.62,157313.32
266.76,789605.31
98.1,331330.28
306.03,853338.86
293.91,852485.03
207.65,595364.8
260.18,729837.35
137.45,383399.53
186.06,521494.82
294.71,771282.5
182.37,528313.87
150.92,430132.23
193.21,573294.2
296.76,825305.7
143.91,406698.11
93.87,247380.22
260.72,736266.14
296.05,843007.89
71.2,179831.49
114.36,331781.7
84.01,254373.99
147.86,401170.13
179.61,494937.95
272.14,769942.26
241.86,650708.3
232.49,670065.35
149.24,399732.02
300.85,863834.83
186.1,601045.72
343.52,895877.87
236.58,686633.58
79.14,212842.18
249.62,736467.75
140.78,364802.4
252.76,727897.08
61.59,163617.55
94.21,268235.14
305.28,811096.98
110.43,343025.86
299.48,803699.84
126.58,379537.84
239.29,667547.91
255.19,716362.21
198.92,571415.86
134.65,362675.15
105.92,312362.37
50.29,207860.43
134.22,361001.94
242.48,721528.42
330.87,941847.02
310.07,828268.03
277.48,732638.17
284.42,802288.5
246.15,679672.67
120.69,402685.7
321.23,877975.66
247.93,676731.78
213.74,573833.07
74.41,255073.0
178.59,492548.36
182.71,522658.61
308.01,876845.84
209.46,581864.93
157.92,449784.34
342.81,919846.97
74.32,242660.73
170.99,505896.93
53.03,162020.44
269.37,757995.75
324.6,872864.9
126.81,319307.86
306.09,851575.23
130.59,430937.44
322.34,852760.0
273.73,743804.44
289.52,779348.98
45.58,172343.36
338.47,925448.82
265.27,740954.02
134.47,357503.18
297.11,826096.59
127.27,317979.23
310.55,858119.01
74.9,249793.68
258.14,689917.33
207.62,545288.3
69.93,258263.43
114.99,312527.91
43.85,180538.08
185.32,524086.75
133.39,377158.12
225.49,653711.26
132.14,352002.4
132.97,384823.35
270.39,747204.64
54.92,133660.25
319.9,884226.18
304.2,831693.55
247.02,693693.37
223.9,599903.85
316.61,914803.77
97.45,309435.93
64.48,225993.27
114.25,319683.77
286.32,745935.78
50.75,221652.85
220.67,625527.84
348.59,908693.81
305.27,854502.99
201.65,609625.72
59.73,184472.59
297.73,863106.0
225.68,673574.29
75.63,193240.1
69.1,188550.15
321.98,907250.54
247.45,618167.27
297.08,818763.94
312.48,815144.22
217.25,603652.92
200.41,562178.66
173.43,484345.35
138.25,379083.34
174.72,465837.61
279.9,850999.1
226.6,699597.91
316.68,832347.52
177.45,553923.45
228.2,635950.47
235.71,672120.51
223.43,633017.58
257.82,706818.25
113.6,356592.36
198.83,570507.01
72.31,202685.44
159.2,415632.64
191.18,518416.18
242.19,636358.34
334.66,904872.26
226.2,606598.74
270.51,750994.33
196.94,602532.93
236.57,706554.59
61.99,189840.83
118.86,338957.62
152.17,491291.34
186.47,547588.69
54.15,161541.85
83.41,203015.93
125.81,372670.35
341.18,942102.88
142.72,389257.97
189.43,549047.85
100.79,281227.83
229.34,645522.57
127.01,289559.38
104.17,294633.36
200.14,599466.1
41.71,122443.33
42.38,144545.11
107.91,288802.3
51.38,175425.21
73.49,213513.98
145.05,386593.45
288.8,843732.56
217.34,646053.59
198.93,548847.24
130.98,390206.13
328.84,908894.97
163.07,485018.08
67.0,152606.54
231.29,686526.46
75.29,207563.82
147.02,409599.04
197.3,641562.91
311.01,863878.73
193.0,538763.18
257.7,660151.44
347.77,971351.89
80.76,198511.54
125.17,328954.45
162.32,453666.61
170.77,530034.45
167.42,501247.74
321.36,872469.17
261.35,744956.14
228.45,630610.43
135.91,393250.09
295.38,821478.07
336.07,936348.18
294.57,846413.44
40.49,153321.36
237.28,661617.53
55.85,197813.55
119.86,341568.58
58.45,149534.29
227.18,633056.53
252.84,716227.92
75.49,252481.21
158.99,448674.2
181.43,481456.61
154.41,442909.29
77.52,233826.15
169.87,490587.65
272.87,792440.7
62.01,221435.42
64.86,180188.65
149.98,410206.66
331.93,867839.42
247.26,719996.86
250.39,750731.9
152.2,425501.28
224.03,629338.13
43.14,188787.5
237.19,687400.66
323.12,893999.15
229.9,616825.15
310.85,874825.59
264.43,715708.25
77.37,196026.59
319.76,863406.99
60.6,169756.56
205.53,578803.5
84.06,204287.81
43.63,174709.58
170.83,521553.66
131.46,318197.14
190.66,573123.08
218.93,598267.37
53.56,195634.0
78.13,229961.46
213.18,607568.29
146.38,412982.9
266.04,784044.0
242.21,648467.72
302.14,853132.75
254.67,751500.34
173.28,516147.15
248.62,772362.82
125.37,343749.47
134.96,415120.37
284.59,790449.89
178.39,546128.25
287.5,800408.84
294.95,806650.19
305.84,882485.49
324.16,868338.87
173.61,453200.61
138.85,381818.25
220.48,645414.08
155.06,484826.93
226.33,646190.23
258.73,768519.15
253.41,674414.95
156.11,432733.18
91.73,259147.29
173.46,491745.38
84.2,250412.56
315.93,886311.02
147.22,407562.05
87.88,261765.13
47.89,154792.36
240.2,652530.81
237.44,669494.67
145.59,411984.91
62.23,186462.26
166.98,477780.53
136.48,392935.08
249.91,693038.04
227.79,685010.81
153.02,402212.83
107.55,288856.57
346.29,1010305.11
180.74,484634.18
253.37,674441.83
83.57,268261.27
190.53,481097.12
48.54,150650.04
196.69,625099.2
338.85,866374.31
159.1,395043.99
52.09,121355.0
49.6,187222.37
160.28,491564.65
89.61,246790.43
47.24,175078.2
274.43,810439.15
182.14,573356.41
129.67,364206.87
319.03,803198.37
76.0,201871.83
336.33,895005.42
137.33,385288.8
315.41,858810.2
226.91,678002.07
296.28,859620.34
345.04,919421.37
129.41,403825.02
337.95,921711.38
160.74,461069.23
159.51,482844.99
145.52,418272.5
207.84,653609.92
87.78,214183.71
211.65,587014.89
207.93,588336.37
276.19,786286.82
298.43,864421.44
176.54,503149.78
133.72,340277.04
120.39,371085.72
100.33,313549.14
57.87,122292.75
146.16,417792.64
123.78,307489.32
339.59,894226.29
212.89,578819.43
147.66,446408.68
219.94,628873.64
83.15,206555.52
177.65,533444.18
234.13,620994.52
191.56,556201.49
164.55,445512.52
348.09,919279.48
312.9,874105.7
233.26,677286.11
216.51,656011.16
232.4,656875.35
102.41,305703.21
162.49,450968.3
52.23,172140.73
187.42,547820.18
208.34,590320.73
110.6,264726.92
338.85,922673.41
321.93,889348.64
263.86,721731.65
205.35,546417.83
309.69,896179.67
80.5,252933.83
285.06,787901.36
78.69,199368.6
286.21,772882.83
125.49,399028.86
311.9,860912.34
332.65,883971.36
86.13,268244.54
183.43,498941.4
344.11,967829.89
189.86,582089.21
307.7,833470.45
222.51,613538.29
156.35,368168.78
128.59,324154.76
103.0,257931.35
276.16,777079.49
159.83,446764.64
198.5,525424.81
192.62,540853.16
218.96,637810.84
308.33,864708.42
344.03,865669.23
166.35,471183.93
296.53,780473.05
277.0,802166.46
217.79,642974.56
336.37,880947.07
102.15,272824.93
73.87,207159.86
304.73,773200.6
176.14,512827.51
302.56,827677.07
316.86,896693.9
59.36,151298.77
313.87,842540.02
178.98,465596.19
198.23,534923.62
234.24,628848.66
327.18,919234.54
45.93,130481.44
187.82,539495.15
253.19,703185.08
264.04,704498.41
254.69,713443.35
81.67,259228.46
132.81,344161.38
151.2,456419.21
289.38,779632.58
126.42,348043.74
105.32,320335.62
336.81,888839.06
42.75,144978.12
349.32,923073.92
249.81,709644.29
296.83,751236.45
131.33,321361.79
44.44,166350.53
268.74,785613.03
298.58,799422.51
269.55,749211.64
84.28,256940.1
273.56,787379.68
278.37,717640.77
244.15,664222.51
277.5,766351.52
302.24,856216.09
230.22,728372.29
67.47,197783.02
191.16,502980.45
64.07,208106.07
166.34,514625.54
166.2,477852.66
60.46,159795.15
148.13,452221.21
74.41,242289.12
290.55,777140.72
333.78,914193.52
62.42,221802.46
336.09,942775.23
202.0,573598.94
132.87,369799.36
63.83,232242.02
195.19,520215.06
286.3,810921.9
259.2,689071.59
55.57,206825.55
62.6,184598.21
164.89,508951.62
131.54,391576.32
112.04,286081.5
127.11,407210.38
289.08,850956.56
328.06,917637.64
165.58,450004.61
320.89,867039.2
139.66,403977.14
187.7,514303.22
110.07,368149.23
238.55,680204.3
343.48,840527.38
227.08,655080.55
150.92,420911.38
240.82,679710.85
78.11,220889.73
315.48,888829.13
195.96,592251.81
179.3,520187.33
221.62,619782.93
233.68,661555.58
62.25,192052.33
251.61,686400.33
115.0,348280.86
261.33,749445.04
294.99,864581.24
289.23,842431.19
211.28,580859.13
201.25,598114.83
84.29,219590.85
280.36,804232.22
124.14,340695.79
193.98,522399.92
128.12,375698.33
81.49,160526.26
235.16,614255.62
56.84,172680.04
272.08,765356.85
138.45,385129.15
40.04,90075.13
198.45,541120.97
54.52,184027.91
125.61,377751.36
259.16,729597.84
59.43,219135.03
300.19,842370.1
41.18,117726.82
116.52,326676.99
269.68,714780.19
138.04,391817.98
71.59,248490.97
151.67,454034.91
123.82,397379.24
301.24,823760.85
137.14,432901.43
284.57,787794.01
316.48,910921.22
174.48,497412.86
322.08,899948.2
156.97,492710.55
338.86,906956.32
67.68,211713.82
252.98,752705.43
193.08,546595.95
160.17,417897.88
236.14,733705.92
258.2,713497.35
41.35,145310.96
91.76,302561.48
261.04,716668.0
246.58,667006.24
339.47,921555.86
275.92,718648.19
334.74,896017.17
257.79,733887.16
132.4,371130.17
72.66,171585.81
282.37,836076.68
239.69,682027.61
54.94,216242.53
151.62,425514.37
336.61,881946.74
195.12,564401.01
174.15,490639.66
181.89,483681.75
104.75,346972.49
154.3,422235.65
154.64,386665.74
56.23,216336.3
277.95,762308.52
169.12,464631.9
294.88,765148.95
303.61,890473.83
105.72,266818.13
243.78,691580.55
186.41,559159.57
312.85,871521.71
106.88,306876.72
250.12,655520.48
228.4,624201.22
131.54,382477.47
82.35,219398.06
242.01,691218.08
268.97,775518.57
137.84,423377.57
239.9,642702.34
162.49,529993.79
261.09,758075.13
101.76,294697.88
315.97,898348.95
129.1,440970.99
154.01,396934.38
58.01,174132.09
74.57,151440.74
199.92,575547.67
122.95,363869.71
299.0,826518.54
44.55,128515.13
157.52,388530.2
144.58,424652.67
45.99,195249.46
78.55,215384.27
168.23,493554.95
192.79,502713.87
165.33,485854.61
204.59,571030.39
224.49,614955.06
43.08,121820.42
183.87,512808.03
338.68,923882.99
200.9,533154.31
250.04,694436.56
136.68,389983.01
279.94,749355.39
279.61,835414.08
201.6,548877.5
342.56,899796.73
78.92,204718.64
45.25,203774.72
278.75,795999.52
290.22,779030.76
77.26,262951.75
122.33,357199.76
45.44,157986.28
130.93,364782.01
279.67,759199.06
200.57,581722.4
147.91,406494.37
155.24,498065.64
40.42,100268.89
132.94,426830.24
240.4,677494.78
342.0,927776.22
302.59,860922.12
47.31,135855.47
318.55,897160.32
282.79,708060.58
281.92,765559.59
181.98,491552.19
163.38,429013.53
133.9,377001.05
60.37,198323.52
110.75,340331.62
116.45,342130.07
190.06,522119.18
271.71,773023.02
186.88,536845.97
57.93,208781.46
336.91,932258.37
332.24,900582.64
283.41,763867.15
347.31,909215.7
208.79,578032.94
338.46,902510.91
63.44,202485.33
153.36,459705.42
109.87,315295.71
100.71,292397.03
83.65,250729.69
232.95,645334.61
282.21,760111.05
219.27,570856.86
85.56,230600.54
291.45,824239.34
237.15,651028.97
160.33,450844.25
248.98,717563.88
120.57,361920.4
147.01,387920.83
324.42,913548.09
130.06,406508.02
185.7,495878.99
315.94,840898.18
259.39,766412.08
59.28,179649.28
85.66,185139.82
42.43,101109.33
235.59,660442.04
178.78,475334.48
81.63,228722.64
336.96,910010.0
204.19,625593.95
114.99,322166.62
195.19,588678.1
250.68,750902.68
63.63,237967.39
125.16,367576.36
290.16,748089.89
182.5,534561.1
209.44,627783.45
174.17,494757.52
53.61,222384.41
91.38,292682.5
178.12,525404.29
104.85,335725.51
55.49,184676.8
301.53,758728.48
344.17,907950.53
285.87,832655.95
304.67,816432.53
115.01,324247.62
337.79,879328.43
101.05,346346.67
334.94,955503.44
348.39,904288.8
260.63,738288.64
344.15,902481.31
216.56,634489.33
120.46,361278.4
175.47,525209.44
224.0,646453.95
62.66,280541.53
232.93,629915.12
344.17,871598.0
98.93,275329.68
285.7,749292.44
321.45,832619.12
332.55,870237.65
337.64,882709.97
201.65,545985.65
342.97,936189.83
274.77,754390.2
90.12,258138.51
187.84,562646.37
262.68,716129.79
116.68,327597.24
238.59,686962.83
246.65,639171.36
90.44,192824.17
215.18,622612.29
279.2,795290.51
194.66,616941.02
43.75,150980.44
42.8,168571.93
150.68,424804.5
327.12,898151.71
110.89,369644.43
236.65,607072.07
108.84,326435.49
139.72,463833.83
302.89,845081.32
265.95,796951.86
69.57,191106.01
172.9,492616.47
49.04,159937.33
189.08,472778.62
245.35,658957.39
76.74,195488.8
129.55,395947.45
163.33,492635.17
325.05,894678.5
347.91,954633.16
53.92,165890.83
275.91,808475.52
155.23,443813.27
161.66,463483.32
273.82,759261.42
324.71,904777.87
334.79,892114.34
218.91,651810.23
150.71,396784.63
284.14,759588.77
117.81,359288.89
214.86,608706.19
151.16,418409.0
243.56,715934.12
114.52,311387.29
99.39,282358.0
324.65,926100.15
71.56,261231.77
196.85,608333.78
108.46,304527.23
52.07,203201.57
51.17,135613.3
94.32,247519.92
308.7,779184.33
127.57,415931.26
334.64,878541.89
220.3,622556.27
175.35,473213.56
219.83,645900.99
200.18,559225.16
275.22,731559.04
127.57,379010.06
149.45,384172.14
317.17,843137.32
333.4,838781.53
316.69,824514.12
170.03,490807.69
281.91,728215.18
187.66,490891.64
194.24,553762.23
103.45,283032.45
223.25,694195.93
97.7,338823.32
142.79,382359.89
305.06,858246.98
104.19,323835.36
62.06,173060.31
61.39,144449.68
331.64,898088.4
197.15,556813.65
166.92,463564.37
291.37,823134.61
299.11,805418.81
142.98,374384.48
255.02,722639.88
279.05,791725.71
242.94,652301.62
86.99,283088.08
311.52,802843.71
207.12,572536.38
127.57,357999.5
171.82,471441.05
51.65,148301.7
79.64,292070.33
277.32,750367.36
40.0,210605.13
169.14,496034.34
201.98,578296.5
56.94,192523.71
341.65,994039.53
110.1,287652.79
134.3,350951.4
134.22,361695.42
111.43,322069.36
40.46,86662.25
266.1,748485.02
339.72,965229.12
109.53,320448.89
245.54,685725.35
269.99,739094.68
303.01,863846.09
171.02,463470.54
133.91,438854.75
140.84,460927.63
260.91,742287.43
293.2,813836.58
96.3,310958.57
154.99,475706.76
319.6,849291.43
290.07,790991.58
345.31,885393.07
273.82,779488.25
161.89,482393.41
223.1,593519.14
244.91,679181.04
64.32,156250.02
208.79,567575.23
259.89,748486.16
91.87,246181.05
282.0,778327.4
220.97,579363.49
335.19,911155.12
53.15,167597.2
122.25,329089.25
226.48,637591.35
131.93,383343.36
261.47,711572.54
275.29,726591.72
71.78,269790.57
199.29,549027.0
197.76,560809.28
154.48,471731.95
329.21,999385.81
296.53,784629.58
256.13,735752.55
261.44,714714.5
183.13,506369.37
325.51,864294.06
255.32,686384.99
265.98,746290.03
307.12,801943.9
124.96,386892.83
290.19,808716.29
100.52,304089.98
147.06,406452.15
144.04,400914.62
343.34,929986.91
305.53,807665.66
257.36,714697.75
265.39,720225.65
214.24,582930.38
333.6,839085.9
193.84,592896.79
157.96,430668.86
90.54,299549.27
283.72,823611.85
267.68,713237.27
159.15,421980.79
47.81,232771.13
300.09,882732.84
43.54,144786.69
258.15,735185.55
340.78,897537.83
175.68,514412.84
112.84,303465.93
258.51,667430.96
293.31,774789.65
209.39,596837.77
339.78,880604.5
56.02,173948.19
196.49,527910.84
262.72,715746.16
307.42,872433.39
95.57,285501.5
288.0,801553.93
211.34,627975.5
162.93,479762.13
80.83,282447.66
308.24,834882.8
88.75,247015.76
136.03,350388.2
129.91,359420.71
310.14,881839.74
248.54,741406.37
286.97,828186.11
117.65,284383.63
233.71,695365.54
217.24,562771.44
298.18,852738.35
320.89,865170.35
43.77,167353.18
248.95,663507.49
56.07,211229.27
210.15,554346.69
129.17,350148.17
135.1,356860.84
149.42,374475.04
232.6,662708.39
143.56,464750.37
267.14,830456.52
165.4,475261.62
61.19,222309.16
282.97,796672.35
128.59,383546.86
174.16,486881.95
252.49,718616.64
143.06,425300.25
57.54,162379.25
155.92,443151.95
332.78,898988.87
238.94,701711.06
248.16,669426.78
236.01,667511.25
101.69,351922.23
169.68,519395.14
272.79,805135.63
71.43,215448.37
126.13,371380.21
125.66,390494.01
173.93,543297.5
343.91,863894.09
60.93,148686.56
200.8,611515.15
95.6,269861.07
340.91,896561.66
75.12,186601.76
165.12,454882.79
268.74,712438.59
258.41,790881.14
171.05,487659.77
147.42,419733.52
163.26,483915.94
121.93,378925.65
103.65,328266.52
189.74,573392.69
123.25,334792.48
129.11,361117.8
243.59,712406.24
340.25,899614.39
227.13,644868.36
63.86,207478.28
63.43,217982.67
334.94,851724.19
132.16,400010.69
68.54,200339.06
225.7,662363.92
233.33,685153.83
241.04,730764.59
122.89,393347.43
44.68,188857.01
339.15,956633.41
117.78,347314.7
249.57,706081.48
259.06,755992.15
229.1,672355.44
137.0,382863.11
124.04,368069.16
225.28,638922.74
308.49,823613.78
333.49,940873.8
72.83,219976.02
88.0,319358.24
332.87,852155.82
268.33,736751.03
313.73,861774.05
102.82,331740.59
222.15,643409.23
257.35,734727.38
250.83,674621.39
166.53,440822.03
44.77,158345.32
220.71,586539.07
118.46,324508.39
179.58,527516.34
336.85,879353.41
163.7,515684.0
300.34,867496.18
98.45,238670.74
248.46,674237.72
342.87,851892.55
71.59,191650.78
42.58,166443.0
174.41,485445.76
68.71,221615.32
272.0,717011.36
323.51,905671.61
174.55,481593.96
120.2,345640.43
174.67,495796.6
264.27,705021.16
42.81,109398.76
222.73,662045.76
230.12,665126.44
237.68,705059.72
115.03,340729.91
261.36,740013.06
68.33,155037.77
101.77,286684.51
312.02,856219.76
269.0,813757.65
44.26,168059.08
117.0,382501.44
106.47,325465.27
123.95,334335.62
116.74,339235.01
59.38,191390.74
182.27,491927.12
267.15,738944.74
228.09,641459.69
248.59,750712.97
65.16,136350.85
334.96,941270.67
299.93,801740.8
289.58,764443.87
295.12,854091.81
329.14,915335.47
208.72,631965.36
102.09,319665.73
231.2,717886.1
270.29,775168.42
268.75,749840.68
201.65,584902.78
61.22,226194.57
155.05,419632.34
325.44,866197.04
221.18,619489.3
206.88,526084.01
123.34,358135.46
154.22,384093.43
317.56,870686.39
246.6,723264.55
284.09,778128.41
180.85,566388.73
235.38,623545.31
117.0,372163.71
258.69,749127.38
172.56,441130.5
177.19,587051.69
241.29,681290.63
330.25,869307.32
59.84,143233.65
295.67,813367.22
130.64,370492.31
177.62,510012.53
46.79,144575.78
133.32,400823.27
195.82,546638.25
57.41,121369.78
192.24,543734.7
327.4,818795.76
72.67,228524.99
276.98,745668.97
167.0,481765.59
243.1,727454.25
120.67,318121.99
89.44,293567.4
89.74,249526.71
61.85,243063.2
97.55,272443.86
245.91,670252.56
313.32,880528.78
292.38,799170.03
252.39,687270.12
74.23,207595.12
129.65,370209.11
136.04,429703.42
117.49,279749.43
199.65,569717.21
206.02,605569.37
150.63,436346.55
149.67,467126.86
296.85,820490.46
284.68,788326.49
135.42,405459.44
323.27,884217.7
335.37,894197.35
141.29,419673.64
149.87,408811.81
196.75,542544.89
331.75,882827.73
311.66,896848.25
71.8,119034.17
161.75,473854.7
211.55,603205.67
195.97,508277.29
100.1,299555.21
306.23,858451.08
249.85,723549.68
299.75,749873.58
306.22,885133.61
271.99,740527.2
176.16,523398.84
229.27,673079.34
89.71,236147.45
248.83,722989.35
95.57,266510.32
255.12,657493.17
111.18,355441.74
76.44,204379.91
91.24,240868.58
40.62,126721.98
262.81,747610.25
267.04,748497.45
199.63,585404.02
90.02,223085.02
65.9,178385.21
45.93,147958.94
91.38,323822.79
316.17,862678.12
114.88,363132.7
149.82,429409.79
72.66,203364.1
108.93,306867.11
200.96,567633.41
228.4,666602.81
116.06,375072.61
57.9,191403.92
161.22,496108.19
112.6,295382.18
108.06,299452.46
337.56,888481.08
231.05,665118.42
212.63,594422.0
168.89,504119.25
172.97,465860.58
207.68,592732.95
255.89,742236.62
257.67,664260.91
93.23,335451.65
195.03,547579.88
167.71,418122.36
309.86,857029.8
235.74,669341.07
205.08,581729.62
75.77,255637.22
227.75,669133.46
76.33,236288.75
144.53,426829.9
84.28,244960.98
254.54,771387.12
103.94,256287.55
161.48,465411.13
317.66,871264.4
103.34,323433.14
197.42,537452.69
169.97,432986.77
45.62,155397.47
285.76,804890.68
61.4,234033.61
187.02,495395.87
213.81,643092.51
234.81,736862.82
253.48,704010.42
118.51,301882.82
43.09,132462.56
264.27,743584.48
206.05,603824.7
299.2,810407.5
294.63,864192.08
301.43,799847.37
190.38,490802.36
143.42,443400.84
285.38,727318.98
179.9,507276.63
96.87,375091.49
305.04,841132.2
313.59,826877.9
184.56,524833.26
63.47,192993.58
160.23,462499.79
289.1,824327.67
319.55,842188.03
103.08,348951.77
60.76,195093.74
311.98,878763.56
160.72,440222.0
207.95,630771.83
340.1,907442.35
60.64,195750.45
240.98,654379.47
62.97,163367.99
156.4,467480.91
289.18,791356.15
174.38,472150.87
349.13,912856.23
213.31,628031.37
139.56,380452.49
108.23,308833.56
148.66,425420.11
155.49,386738.94
61.3,144954.29
154.57,451752.42
183.91,502631.02
264.05,774308.45
243.59,718317.63
259.72,753087.87
42.59,198076.65
107.48,307802.56
245.12,712853.72
190.04,524481.37
41.65,214815.52
289.39,864675.62
279.57,781785.52
210.01,609515.19
60.6,228124.34
277.62,772219.63
220.95,608433.75
282.41,814573.63
273.04,767637.68
288.93,809553.75
200.58,546602.52
83.5,194510.83
248.06,708229.32
232.35,686335.33
270.1,751143.27
92.66,313394.9
100.44,270077.14
316.03,834152.23
272.49,761898.87
321.55,875131.29
275.2,793755.77
225.12,616292.52
242.78,728216.82
315.63,923940.39
219.43,622779.06
236.04,706639.84
88.51,227555.42
186.92,565471.46
262.08,769003.8
123.99,381695.31
102.7,296834.23
137.29,304307.73
114.87,311293.31
106.62,289189.22
171.7,460848.77
321.43,881020.77
197.19,549551.19
98.26,260557.14
63.86,163745.28
255.81,699945.37
158.67,486912.05
294.77,798026.63
244.45,676153.39
286.83,785348.76
124.3,366826.39
254.63,732039.94
121.86,258531.39
331.11,928032.12
237.28,715556.46
140.6,370738.11
123.55,325390.97
99.19,274299.28
255.34,697511.18
107.8,317899.76
224.54,579577.21
122.04,316825.92
245.21,739796.89
292.63,784992.24
281.19,822685.83
275.86,782957.55
98.19,230852.2
67.4,223510.16
256.67,720125.26
154.19,426924.09
174.03,504125.86
49.66,174655.75
120.47,367245.42
50.44,197664.5
312.55,870454.01
115.45,290894.69
212.77,591375.26
52.08,254609.26
246.72,719355.3
140.14,472028.03
318.35,912669.95
315.32,871508.0
140.84,411965.11
319.3,871726.22
348.81,879434.28
295.88,820995.55
301.91,870698.84
117.19,318971.47
218.78,634517.46
60.85,213506.57
69.42,182311.45
349.66,919583.76
141.26,373561.87
271.94,737861.04
290.07,768139.1
305.99,816611.61
349.26,974988.91
114.86,303077.28
52.51,171149.38
167.47,463114.19
80.33,273093.87
46.95,193226.33
151.73,459567.34
282.96,798877.3
215.52,606234.95
136.96,356266.26
242.85,745652.39
111.93,299676.51
44.46,167829.83
276.95,806768.11
233.36,645266.4
276.31,804550.89
52.07,189212.97
299.51,880704.24
232.05,644311.63
214.65,572205.09
233.63,647488.94
307.97,854347.08
221.95,632619.69
220.09,613976.86
347.11,871155.13
274.59,783243.82
177.11,564677.37
259.29,744347.92
160.66,477187.37
110.95,336968.85
225.02,651195.92
327.74,918453.19
328.03,902973.93
145.99,408051.91
203.58,556131.1
105.61,297731.15
348.65,940692.12
344.15,913398.53
241.35,692787.38
289.37,818281.62
261.68,761551.08
223.88,674638.81
56.54,179591.39
180.98,477209.12
249.18,693752.57
250.03,707663.22
155.67,389703.31
331.92,940684.26
91.88,272486.37
195.11,567729.85
254.17,758128.35
256.11,703294.3
241.08,699859.31
125.34,356241.78
88.42,253505.81
237.14,648938.58
225.78,691326.13
95.6,266895.54
258.59,749599.96
181.1,460549.46
247.01,733767.69
299.58,860608.37
92.62,273098.8
45.93,144642.39
281.52,798197.46
229.01,718795.68
256.89,671312.71
299.83,853065.2
288.87,776574.08
337.89,910253.58
206.14,579715.23
191.43,533097.57
164.59,469714.1
87.64,222938.46
217.51,649538.28
125.87,307200.88
325.61,902294.78
220.79,617891.51
223.78,600757.54
150.03,434896.77
56.12,129503.12
49.84,162054.88
171.23,446179.15
66.22,215287.82
228.12,619999.14
313.1,845894.83
313.7,869559.86
244.3,668042.68
105.48,303120.58
307.53,801670.81
314.69,881816.13
100.96,345548.31
268.6,837917.28
128.82,371973.81
288.82,827442.54
349.14,878764.55
49.31,204655.76
318.18,893726.05
233.02,646475.4
341.75,955437.79
184.15,517782.65
302.69,822417.69
59.34,198462.1
143.94,379740.61
60.78,218422.28
342.36,887803.81
293.26,782822.2
304.29,812501.22
330.77,919475.93
66.38,183368.62
159.54,415284.01
62.02,172718.46
105.35,303528.18
111.1,284782.86
185.42,494453.12
123.25,417081.2
71.3,188585.04
91.92,258634.54
85.66,240693.59
341.65,905500.18
275.38,789740.74
340.01,943415.99
176.32,494088.14
126.29,325101.05
287.47,838808.01
141.14,400902.86
132.81,432293.22
112.08,255514.03
80.2,243265.06
119.5,400904.36
150.15,418573.36
248.94,696695.18
59.4,193199.12
105.26,287484.26
290.8,799140.73
85.55,241287.24
146.22,399256.55
308.04,885103.46
88.03,271808.7
65.65,207535.0
190.21,566749.6
133.75,375088.15
214.66,587566.05
289.18,786578.5
82.52,243511.6
220.02,593789.58
196.71,545763.29
84.66,233616.87
233.44,725875.25
124.83,274902.44
191.23,539981.41
65.5,251423.12
182.47,524320.89
135.0,409134.08
294.94,821251.4
57.66,160014.8
169.77,417455.98
182.11,525819.45
264.75,721129.35
218.03,596087.9
246.84,682949.71
280.89,836990.33
307.28,918679.82
137.3,399493.81
206.79,575011.5
300.43,795679.51
346.73,941779.72
315.75,918682.99
155.15,435904.16
100.5,219985.0
191.71,566831.21
269.91,787002.91
192.7,501925.14
189.79,546601.85
299.85,843194.98
152.04,432308.13
306.54,821136.79
166.11,504825.37
141.75,393388.37
180.74,471208.07
276.36,712036.91
79.06,272257.91
100.89,310904.38
334.95,907707.11
94.4,261742.67
216.0,598620.58
219.59,592114.04
191.78,533988.4
239.87,615812.73
111.25,298521.79
211.33,592239.93
155.37,462240.02
245.12,692175.49
83.78,270620.7
216.97,657658.71
97.43,314829.73
126.38,376547.71
107.8,311532.92
96.68,251634.0
295.97,842865.93
128.57,418928.89
327.41,900091.67
340.68,973783.78
217.09,571744.92
84.33,213596.59
156.11,471683.05
287.3,808086.84
153.89,479162.88
66.98,202910.7
212.6,579071.18
301.99,828147.49
286.74,752834.71
94.29,240787.46
248.56,731630.35
108.36,338879.51
107.64,321642.24
310.96,803086.99
117.4,326773.49
121.61,312420.86
40.2,173132.55
309.91,834873.01
285.7,763759.43
234.47,665817.45
272.58,744934.06
87.14,300129.27
182.08,497516.98
148.88,383604.17
69.07,144112.66
190.7,542959.23
325.43,868878.43
52.42,124267.63
130.35,409192.53
104.34,321765.93
113.83,326838.07
321.61,918673.86
185.1,547971.12
184.55,501860.46
275.78,740909.2
87.89,282160.35
191.05,556764.44
173.3,499796.9
225.04,613939.38
349.86,951738.09
278.53,756207.09
163.34,463436.52
296.54,865406.22
92.92,251161.69
49.44,112712.48
103.38,267569.32
145.53,445955.28
198.28,572823.12
230.69,650834.83
322.29,863891.37
198.05,579110.37
195.4,531613.89
55.58,184047.21
50.82,141309.49
210.86,573346.33
175.84,482771.59
300.15,819073.31
89.81,261242.14
47.74,162854.09
179.2,400772.1
113.62,302885.7
55.38,162650.27
264.63,789227.67
74.59,190458.2
228.58,653855.04
127.13,409361.54
93.78,233906.82
157.72,462411.87
288.45,778844.32
161.55,446288.22
272.74,740435.3
78.9,212060.6
279.56,863057.48
113.45,351984.31
249.99,739280.8
215.39,627584.8
328.03,842928.32
160.07,469086.93
60.51,219302.66
45.94,125856.57
296.33,850456.46
202.67,598593.31
280.33,838838.05
112.67,311981.54
146.98,387283.61
49.33,148783.31
338.06,954264.67
247.04,643603.67
329.29,831640.13
122.3,353786.32
229.55,638341.18
250.33,707360.91
138.44,424535.76
302.91,820090.59
333.62,846234.71
314.31,923388.33
269.11,725516.05
126.01,329644.24
127.3,398111.43
338.64,900791.52
43.19,142995.24
261.98,751793.66
258.94,762008.53
233.03,651039.0
346.93,973701.22
136.68,327166.72
145.39,438535.58
64.47,171859.52
177.27,547117.63
120.93,351543.04
146.45,398540.49
298.72,846928.36
330.0,921926.06
97.58,302727.29
155.48,413347.17
327.88,876268.3
59.16,183628.35
68.63,206344.56
90.47,286938.92
224.52,577449.32
86.65,264355.55
340.1,906460.81
178.48,484229.79
195.47,535023.4
116.46,328514.64
186.0,422592.33
245.19,672536.88
272.86,738569.4
273.7,782906.42
219.15,599006.92
320.35,868614.07
293.4,860908.55
274.68,799204.67
57.24,206049.15
42.13,127395.87
105.86,322175.98
245.69,687879.8
167.47,472322.7
164.75,482774.5
314.22,843962.82
317.62,914029.17
321.84,873425.12
137.3,411530.63
254.23,760969.25
124.21,387336.64
99.09,245274.52
97.24,295899.73
146.05,443130.73
173.29,521436.14
297.59,791044.9
77.17,209799.6
267.83,782031.49
204.75,560426.41
129.26,361481.44
192.77,596995.23
132.98,379434.38
224.79,616829.34
174.49,471763.3
90.97,275759.62
76.14,186859.94
209.48,589013.48
319.75,883780.45
146.63,458201.51
267.23,770711.94
244.19,669481.16
328.78,927999.18
294.5,808254.86
215.65,576459.11
243.68,684399.98
318.5,914262.34
163.85,472905.13
141.31,404610.48
43.35,194401.23
296.23,778333.98
288.3,764000.08
72.38,168689.35
218.83,633470.52
183.83,529511.82
76.8,274842.98
343.98,929863.34
106.56,295658.88
60.84,187995.86
224.4,641117.94
269.05,705123.67
50.06,242699.32
244.2,706545.53
205.01,590303.23
72.01,234673.61
93.48,293772.54
216.07,610485.26
131.87,358821.86
330.88,914894.46
293.81,827182.19
344.91,900015.04
120.5,388669.77
340.61,924945.47
173.68,517695.25
147.73,464099.9
55.61,175615.25
56.36,186313.72
254.52,742372.9
181.96,497469.75
110.22,319418.44
230.33,657493.7
118.39,311574.43
219.07,692480.65
151.35,390359.15
295.3,780162.34
294.42,856460.17
187.98,557610.99
148.75,394451.69
152.39,453733.14
289.77,850102.18
141.74,404535.08
104.81,380992.51
66.25,149824.27
184.67,547705.47
189.46,575387.15
300.68,858306.37
108.58,307187.16
158.11,442967.4
290.61,821372.93
295.32,843629.81
159.23,472932.08
182.33,551464.29
134.02,353205.04
329.09,886446.9
76.78,200307.93
329.46,882452.1
252.0,741942.89
204.79,586620.13
50.12,239757.28
187.43,540481.64
166.4,476966.55
89.98,266336.59
243.49,669915.77
341.06,915260.78
214.28,643580.54
261.57,739699.23
61.22,165080.29
169.48,456135.12
76.07,213168.19
229.97,654955.58
330.93,932822.97
245.15,653249.33
63.81,185782.98
149.95,432928.23
210.71,544837.76
164.99,446179.95
298.43,805981.7
292.55,788763.32
229.67,657684.72
155.77,440253.74
119.15,325721.46
72.82,231133.84
150.02,480493.89
168.08,529117.9
249.51,647267.14
244.03,707802.73
61.73,184828.81
162.53,468861.84
96.35,268227.53
88.61,263054.04
296.46,826359.07
52.99,151172.31
169.95,458327.95
92.14,255453.9
312.59,865335.98
212.68,623299.81
111.73,347525.02
195.75,543263.91
266.76,758012.97
337.02,938025.1
108.34,347614.41
314.72,861184.46
329.63,887757.88
324.09,888680.38
236.98,637175.39
235.24,661196.08
165.0,493528.02
273.24,785045.99
204.7,575032.04
250.01,712796.78
172.82,468624.05
266.76,770610.33
295.59,817436.48
85.4,242746.35
298.21,815014.39
207.49,589030.24
301.85,820796.76
173.7,515604.51
157.5,438110.12
323.67,929853.78
117.86,382766.13
301.71,807165.39
190.05,544131.77
199.37,548714.75
135.63,378474.69
217.64,679107.26
140.82,393626.49
52.17,177344.0
124.32,372941.52
41.98,112006.99
343.29,895606.74
339.38,877582.66
162.5,437536.71
265.79,661547.77
147.2,437181.3
248.04,762718.33
289.68,810291.49
333.49,859685.86
164.07,449273.7
282.82,775595.56
122.44,320948.52
347.0,954036.85
47.99,180694.34
227.09,610266.48
244.45,713350.04
253.29,760673.97
77.32,286986.56
330.94,983001.61
96.17,252620.57
233.05,745822.91
109.03,303909.39
135.24,369411.96
209.4,606041.47
169.33,466009.89
89.67,274304.6
92.99,231573.17
169.62,477144.71
274.76,808122.38
318.37,869125.29
66.08,205354.2
161.86,476572.17
71.08,248940.54
45.14,99900.35
245.13,710951.23
226.76,635974.27
90.54,269633.75
112.48,355792.0
47.35,119021.48
298.83,796932.6
342.15,861034.56
81.99,225611.8
111.76,361917.94
309.21,847211.5
327.2,849203.44
170.08,471038.99
55.69,130531.18
52.21,132874.24
217.92,631474.18
161.8,426914.86
48.88,191922.88
220.81,625606.39
43.5,148214.97
284.09,784072.22
134.99,409690.36
52.48,190780.12
222.39,642127.85
163.28,483280.58
341.88,912207.44
208.7,610548.22
125.32,349359.08
259.93,732116.73
124.16,348026.08
320.32,861274.2
156.16,425506.07
210.46,613195.78
55.68,214447.5
172.1,526444.98
298.03,787762.84
289.75,844694.3
109.54,306383.18
110.08,335443.31
293.36,787379.04
328.42,896172.25
69.56,219363.75
179.52,467779.17
144.61,431789.69
309.91,892776.07
65.89,195394.3
105.45,345575.22
273.27,760151.21
55.9,201167.51
192.69,482914.03
177.05,577906.51
143.66,455738.19
162.32,455065.11
204.28,522806.64
90.02,271914.3
217.32,574822.77
289.68,819204.16
275.65,784114.38
87.71,228892.83
86.27,286953.89
123.13,377575.75
151.93,463487.69
166.62,476062.92
250.71,665636.64
57.57,209141.96
50.75,154956.02
161.49,419573.13
256.12,762782.18
99.96,352887.61
238.87,675490.74
120.55,411007.38
314.69,865624.36
317.66,857910.09
132.16,359651.45
111.3,369858.12
167.5,454894.7
114.56,351776.39
248.44,685371.38
296.08,807114.06
248.66,733631.74
295.55,808282.39
163.07,453585.09
88.46,293103.24
268.76,802483.13
151.75,453027.71
248.09,681594.53
123.9,340216.6
65.18,201233.49
347.7,939152.09
88.42,229388.28
346.41,948819.91
342.96,923192.18
286.08,745773.35
244.42,663661.57
219.12,607977.18
308.49,847050.13
129.73,428443.87
184.98,534900.74
232.01,633054.62
167.47,484818.26
172.52,481948.0
142.39,417022.92
214.91,628914.73
303.68,874681.95
102.47,295962.75
329.67,943636.03
253.62,742952.57
295.21,797680.11
212.42,670895.8
281.65,796320.17
45.02,124212.87
293.7,864936.27
52.44,229528.46
315.87,864469.66
347.51,914059.43
131.16,370602.65
105.2,325531.23
277.26,814089.38
118.44,357514.92
308.32,851914.73
71.88,260823.26
79.05,225009.54
343.54,952655.53
248.89,694691.45
302.54,848735.41
140.54,398677.76
249.71,703812.88
224.21,625751.96
226.98,684955.87
251.59,688416.69
218.36,598805.75
173.01,557524.07
125.54,389420.38
278.26,706657.35
110.14,300627.64
254.63,663989.06
112.33,295064.31
233.85,569097.22
271.59,757558.78
107.8,276922.24
58.58,184111.02
80.6,189696.95
227.86,649500.37
303.33,825163.12
53.95,215938.91
267.59,793928.65
145.81,440479.69
188.34,527444.18
327.95,950495.99
142.91,362161.67
184.25,483596.81
44.24,144890.23
65.3,266746.04
120.16,339102.14
48.63,152447.12
235.73,625044.1
172.18,519933.14
209.93,626277.04
94.14,297922.63
131.74,358513.48
245.79,673942.31
339.24,874702.47
55.63,177526.11
316.02,833364.24
218.83,586988.9
214.82,598519.46
195.09,541544.13
61.51,173476.25
67.86,219617.93
226.28,645090.72
145.7,407959.84
324.35,888985.79
166.04,444413.25
84.42,251608.42
261.56,740770.82
130.94,330063.75
202.9,607970.41
256.33,696315.77
319.08,875071.65
285.58,830962.83
249.67,733158.85
250.69,709080.32
333.24,890783.45
131.71,405721.89
40.34,158412.15
124.31,338112.98
107.55,286637.87
245.17,631340.01
236.45,674869.68
223.97,633931.07
45.04,183384.24
265.92,758140.73
140.29,441414.88
246.17,675232.22
212.54,639077.64
146.25,402286.69
81.72,264697.73
69.27,165444.75
297.77,831906.86
324.7,824685.06
241.43,675573.75
72.06,229563.75
164.63,454521.97
265.97,715982.71
281.74,812123.63
76.65,225063.1
40.01,122695.28
260.76,735456.35
150.54,509389.32
118.89,376252.17
44.0,181701.12
207.49,603985.93
303.86,843804.96
336.87,836971.5
215.38,592424.25
199.48,554134.93
66.37,145588.16
210.15,563585.63
157.79,391367.22
228.21,646823.25
160.51,483033.66
114.49,362723.24
69.44,222082.82
137.62,364983.46
69.96,153005.67
94.84,223411.35
346.07,888431.79
177.67,480428.87
204.88,578847.26
310.82,823983.97
348.63,941402.03
220.64,620313.92
291.87,811351.0
141.35,438569.98
134.78,350499.39
164.84,483306.34
248.48,701827.83
251.48,700123.39
137.72,420722.47
81.3,266632.32
236.04,640757.91
79.78,230844.2
219.33,632121.84
254.96,711019.31
257.19,742540.3
273.58,775053.03
310.59,908865.45
194.99,510032.16
266.38,744852.74
231.94,630840.52
97.86,302350.12
47.96,107811.63
128.21,377917.44
177.34,487254.7
231.3,634336.51
303.49,794576.98
100.84,278306.78
78.92,266602.55
338.68,911642.7
73.49,238855.09
188.33,587149.25
221.52,637618.94
207.83,575082.97
66.67,216618.52
57.68,163742.92
72.7,202851.01
221.53,584129.86
208.75,622195.89
112.46,312352.11
237.71,679092.61
294.22,785497.61
52.89,181364.39
194.42,531489.16
253.69,711640.61
118.22,366123.11
135.41,411390.66
230.23,652786.88
318.36,817773.69
291.08,898949.02
220.77,680011.79
266.37,770184.47
153.09,414901.66
238.7,672873.1
184.52,510140.38
98.88,324894.75
257.54,733768.24
212.5,581310.49
151.17,417940.87
322.52,913278.62
46.49,200783.72
137.89,440479.38
57.63,202671.04
277.62,769064.44
257.65,628943.61
142.72,417126.87
249.46,704765.08
162.74,469001.97
274.44,770379.36
180.8,476145.61
167.81,495878.31
329.77,913621.06
117.77,359031.56
77.34,258355.18
221.21,646959.78
340.49,903604.09
157.13,446789.38
59.23,186660.28
145.18,418390.28
196.84,591085.53
90.2,283041.27
244.01,752763.48
349.3,998668.11
180.04,516180.45
149.97,313553.87
164.22,506093.98
75.7,209491.07
313.81,836939.8
168.6,469438.81
160.06,443796.66
244.5,710117.2
177.03,458495.52
240.95,649971.12
59.05,193766.15
292.25,830637.72
331.56,917528.15
241.12,659131.5
335.92,877634.58
86.94,239912.97
188.0,543466.7
226.56,688039.76
220.34,565026.52
164.45,463032.55
144.81,374111.96
79.32,185528.63
161.44,490127.62
90.42,280677.99
267.65,765238.96
104.74,330466.09
58.16,166862.26
211.23,588334.31
224.52,703482.59
310.29,845842.19
218.86,644451.01
147.1,420750.76
288.93,748623.41
207.49,529562.97
64.58,179942.15
215.41,644567.12
321.49,901120.24
162.86,492554.49
131.86,348120.13
84.48,297079.54
86.95,226176.04
174.16,503535.18
224.66,637981.39
64.99,193139.26
331.27,937854.2
274.09,746745.85
221.85,590119.47
296.82,823236.41
64.86,186025.44
187.82,637087.35
235.33,687526.98
296.88,810510.73
282.88,757807.68
125.89,304665.48
331.67,867760.58
78.55,236544.9
311.29,898265.75
340.99,950521.09
94.92,283203.32
263.84,732380.82
52.49,175370.53
165.68,457574.29
200.05,621684.82
220.0,619844.35
330.14,892825.5
248.4,635562.95
189.2,533782.1
291.0,834076.06
334.67,872474.96
46.84,131101.87
344.58,947482.86
66.7,158379.76
292.46,844168.68
126.9,347928.76
80.98,227770.03
176.36,469651.46
239.63,690103.2
158.1,525442.2
56.92,201628.53
225.83,615563.98
319.75,907845.71
158.8,444132.35
107.06,350401.34
177.2,529956.08
54.99,85148.41
294.35,786759.42
296.17,849454.31
222.28,636327.12
149.46,396517.32
287.93,782672.96
211.95,546121.29
296.04,818176.4
235.75,734691.71
283.17,814343.24
225.55,706445.27
168.38,507262.8
336.96,939869.64
207.75,650844.52
227.58,657565.33
108.35,307064.99
233.95,694500.52
217.2,661423.99
97.3,268325.58
58.47,160392.66
227.35,649796.86
276.74,799420.07
202.25,600249.92
110.3,275284.89
246.62,754702.3
64.83,178721.94
176.97,497151.42
90.64,237841.62
97.18,363358.19
102.71,304596.66
159.88,431168.61
55.86,201487.91
163.32,489506.73
198.63,560528.4
189.82,566624.58
158.66,428495.44
300.14,815523.91
85.05,189812.28
196.77,521216.12
59.23,238159.05
62.06,240225.51
217.9,621711.53
215.47,662915.76
312.19,852623.12
212.94,598742.9
337.54,911861.92
55.1,169948.25
70.38,205590.76
53.66,204474.86
97.44,287594.11
207.79,613131.43
240.13,711041.73
54.13,182973.25
333.25,872578.96
301.07,791873.33
131.95,382443.51
63.93,190539.99
92.66,272928.77
79.35,234711.49
78.22,309747.99
200.75,532204.19
116.21,274559.01
151.02,441612.67
346.75,916462.1
252.14,721331.24
334.18,921066.07
84.19,286382.23
158.46,407471.62
211.97,586645.33
63.79,208205.52
41.3,163533.44
247.83,766357.81
238.96,705660.71
167.34,476142.88
191.79,520236.11
168.79,465005.68
47.44,137287.78
143.97,431379.1
94.9,283981.21
70.51,172667.13
336.58,895221.65
225.8,667733.18
265.88,757823.14
137.76,411332.34
161.88,473840.02
113.45,375435.61
70.06,218302.84
95.5,266310.21
287.23,772523.33
250.04,713841.18
209.55,523413.28
187.28,528708.08
325.95,880651.04
62.55,151275.68
126.99,336274.89
148.48,448748.99
282.55,795626.34
347.68,932539.31
114.61,339027.25
311.04,857659.41
297.49,861494.92
109.64,319918.15
163.79,424038.0
167.0,525770.27
343.25,932290.92
96.08,261760.3
287.74,763614.68
143.6,422569.8
266.57,745498.69
170.2,533170.66
219.29,613195.1
298.11,800516.54
289.29,831797.51
308.59,877216.61
58.48,187122.53
254.54,738394.49
83.4,244635.98
168.9,489280.19
210.06,633013.03
164.85,489536.16
201.08,567943.52
348.92,972349.27
81.92,170944.32
249.39,766213.63
162.76,413679.71
81.23,221286.91
89.21,259880.63
334.27,899335.65
312.68,888685.06
321.18,845095.89
347.38,936744.96
104.58,285054.57
150.19,438130.25
247.46,697617.83
189.98,544638.31
169.7,468024.49
150.92,416051.7
224.07,645300.82
218.43,649524.11
90.05,245399.6
186.24,505243.85
211.58,620667.78
216.79,615704.75
105.13,328826.01
270.1,730757.73
47.81,102577.12
150.0,412753.88
281.87,764045.29
214.81,608843.7
120.96,328274.19
255.44,742673.14
215.89,605558.17
286.84,803565.53
267.86,757001.58
229.13,656326.3
191.34,544945.77
81.29,255557.39
121.01,323656.41
169.92,527128.27
225.78,634259.52
199.25,528551.39
129.34,376321.49
42.0,116553.06
193.83,572660.01
128.54,434754.08
267.73,728348.86
47.42,164996.18
221.3,576415.24
331.86,912505.5
94.07,247481.64
186.21,512482.81
68.34,173803.54
233.96,685511.36
210.66,629954.76
166.28,475541.31
201.63,548619.76
317.94,917598.59
100.85,269787.47
46.99,89133.78
307.12,859912.57
218.91,589369.36
316.1,895618.61
225.05,627929.42
291.15,827449.89
173.2,536475.7
272.46,727558.76
323.04,863774.21
217.36,615979.0
96.04,325475.64
123.33,334193.51
101.58,276435.35
116.53,349464.61
134.99,369172.96
212.09,608268.02
222.28,585223.77
172.21,558074.17
230.78,614514.9
65.29,189453.69
67.21,203006.53
93.27,329295.62
200.6,531945.53
106.34,366702.47
127.82,389156.78
164.1,481158.17
291.68,781050.31
44.3,164670.78
241.31,661545.08
247.35,737280.77
287.58,771712.16
329.15,890010.62
46.24,135530.38
87.67,227413.92
314.71,885181.98
182.14,535795.88
215.02,648075.38
245.54,641093.26
250.51,739514.92
328.84,967927.64
349.05,918469.99
263.25,797420.51
129.04,361950.93
312.72,817423.05
55.26,164928.18
111.64,353115.79
318.19,845307.1
119.42,325103.13
108.4,330626.37
82.82,244343.78
306.32,861922.84
195.02,563161.87
249.22,718581.58
114.11,315499.65
274.99,777089.64
275.6,743826.9
136.91,430518.92
167.31,458725.04
105.0,337425.01
342.73,913194.65
240.14,686185.46
329.71,879688.24
134.05,353377.82
282.39,735959.07
277.42,744472.56
254.41,708067.97
339.35,920054.66
162.0,493022.2
80.52,224870.33
248.23,675136.48
266.09,704505.88
218.27,635159.77
104.11,342635.56
196.38,597845.04
136.78,412808.65
172.51,511649.44
240.02,730736.16
271.02,770183.87
111.99,342026.22
165.65,463424.31
123.44,313397.02
101.58,273744.12
282.85,789154.27
321.87,880103.26
154.77,500029.71
272.9,767360.88
318.07,905558.07
302.3,822212.99
96.67,271687.05
336.45,868167.04
156.77,425624.36
145.16,430912.27
59.35,184457.59
190.71,572208.67
73.79,226235.47
117.05,325985.9
138.25,460096.63
290.74,805540.74
311.4,890578.64
133.76,371023.19
306.2,865383.78
305.74,870912.37
277.04,781463.58
85.48,180601.89
254.0,717257.15
332.96,938013.2
251.59,726235.4
142.8,421818.26
195.18,504813.02
240.17,658613.25
198.28,577512.93
77.19,241871.87
136.74,427841.32
288.74,799269.73
307.04,858164.08
82.56,244072.47
335.24,876038.45
141.94,338330.44
245.32,706834.3
273.07,770563.33
291.7,792102.79
333.18,852974.7
137.01,411037.86
306.14,835984.54
80.82,255734.22
258.56,784458.92
270.01,693459.98
250.09,685509.24
118.22,333509.46
310.64,897659.37
92.35,220364.09
56.63,235546.58
262.41,742508.4
187.4,531694.09
303.22,831423.28
158.85,440704.41
92.17,300420.22
299.3,796325.69
210.16,608702.23
98.65,274835.09
263.32,717881.36
198.45,643223.51
227.34,658163.58
182.88,540214.77
296.9,856964.66
297.16,780805.78
259.91,784578.63
72.67,142649.65
300.04,807039.8
248.01,687256.08
256.08,739560.53
152.52,442446.8
312.58,853269.3
264.87,744325.94
74.9,194315.32
166.41,430285.11
314.78,884878.73
54.63,193365.37
338.04,958686.55
250.54,683967.3
235.73,689086.41
123.87,346950.71
117.13,372489.31
332.04,929911.8
132.46,385756.05
280.41,773288.99
161.87,491158.09
83.17,264577.06
43.32,124681.09
208.72,554498.74
342.49,911085.03
154.43,486742.39
150.73,465206.06
146.67,385974.33
201.37,538797.43
176.61,542318.39
312.77,824636.56
196.71,576060.45
197.4,544245.11
82.9,292963.57
344.65,900716.22
117.49,372086.55
62.74,198244.84
245.58,702153.03
224.56,578917.17
168.7,415585.82
170.88,481244.82
283.37,798097.5
100.67,258056.44
294.28,784050.75
241.11,699571.66
169.88,501917.46
181.99,515170.63
119.56,366910.16
273.16,730342.38
198.99,556496.22
139.46,448491.88
224.78,640655.26
348.68,935116.55
174.93,568515.16
325.41,843725.0
146.96,444046.33
56.97,228231.41
103.32,289226.52
169.8,510579.56
108.09,282499.36
40.07,116923.59
323.65,893575.42
301.6,857632.71
270.11,791575.97
92.02,315682.03
77.31,227867.12
60.96,224037.3
264.45,733357.5
327.93,917964.48
173.47,501412.52
76.93,242277.92
198.84,579460.88
148.14,375350.19
156.2,412546.09
232.61,662980.79
262.8,688807.74
74.29,247003.85
51.03,189905.36
348.24,940340.55
112.15,289436.73
56.69,219024.8
98.86,348044.58
52.08,170713.87
161.46,476495.08
288.74,809672.15
145.79,432765.53
177.7,503577.95
249.43,703721.0
197.76,590886.66
307.05,916377.29
308.47,807188.19
43.07,141507.29
281.19,749985.1
182.83,569433.26
346.54,909738.99
189.8,498056.02
345.94,945391.9
273.92,819793.35
117.07,356523.11
206.9,595419.85
347.56,941542.42
305.83,885726.39
70.18,185313.2
258.98,726246.18
147.13,407064.97
42.16,107432.65
165.08,461576.6
112.77,358026.58
293.85,832702.87
144.57,432762.92
296.53,826370.98
40.19,153495.81
135.42,363692.11
114.76,320973.61
112.41,329544.73
61.14,197005.13
98.01,294236.66
212.22,599899.38
130.32,362106.57
169.39,578381.72
156.83,475264.92
311.53,868367.49
320.64,868689.49
192.82,536302.19
142.35,403243.81
73.11,227817.86
335.55,849857.12
58.67,135450.51
132.27,359773.63
132.4,385455.04
139.32,391482.38
90.93,310023.76
282.78,744787.15
77.97,209067.46
236.82,716846.73
78.39,236627.38
61.87,217046.55
321.92,939932.78
98.94,266325.9
294.59,814456.34
208.84,586481.82
64.14,137561.95
336.19,898210.15
116.56,361641.3
306.49,860973.6
92.33,287988.6
304.72,829505.75
44.1,127385.69
198.65,604301.31
278.53,763947.73
329.79,903518.42
321.85,883146.65
294.08,860106.1
315.34,893445.53
101.76,255895.25
128.1,331592.75
129.58,388725.11
156.89,446295.3
161.93,448849.6
208.81,625058.36
89.56,267672.39
254.29,719028.97
91.95,291783.02
136.2,378620.97
196.04,605944.06
286.9,775556.39
269.24,775454.78
240.12,723083.97
88.29,217353.67
209.58,586434.65
67.11,237978.5
156.98,483214.11
168.19,475097.49
52.34,144907.18
124.94,387094.69
336.25,943151.51
335.63,871471.1
149.22,390433.32
53.36,176197.37
95.52,296824.33
161.59,452564.24
333.81,923186.27
83.77,225448.97
276.69,710899.21
73.69,207816.61
344.19,924859.73
158.3,443954.18
280.32,748511.53
146.2,363562.43
234.58,649784.92
99.52,315647.59
85.27,288371.65
330.8,932384.42
324.47,859263.44
315.12,829205.73
233.88,678238.08
290.56,827000.42
61.4,201343.76
143.78,350791.32
137.25,366821.02
237.05,670968.18
150.35,444346.63
86.04,275736.54
224.9,643286.31
292.46,822356.07
158.46,455220.33
81.0,260067.8
100.97,302015.88
113.62,329091.39
132.97,372778.7
239.27,680237.58
226.29,657285.32
255.78,729373.65
152.38,446888.59
295.44,859709.73
103.27,306797.29
185.4,509475.43
288.29,829045.16
95.85,237842.01
74.06,189033.64
313.94,871337.47
146.31,433819.87
252.0,674137.7
47.86,144587.44
253.91,698304.23
137.99,380314.85
57.28,207392.74
229.04,671424.26
114.65,329376.89
159.91,440406.96
64.98,157838.93
85.62,294224.45
132.37,396927.11
67.83,184332.1
322.36,900896.19
41.87,139675.6
190.0,533287.33
78.21,245267.87
135.38,365343.13
327.08,878836.25
90.13,267186.82
339.41,898830.94
103.8,320350.73
269.89,813454.2
209.47,573788.75
314.19,811845.77
211.74,542659.99
205.71,581448.85
100.59,271704.11
91.53,273519.31
324.11,886969.03
141.63,357048.69
155.35,389417.28
275.55,780386.39
145.04,418801.08
335.14,892672.99
268.76,704828.8
225.2,653915.04
313.08,897528.79
55.38,182730.38
119.69,318436.27
184.16,526776.97
110.36,277201.28
270.61,790942.12
324.95,887204.35
171.37,436202.71
146.06,408610.76
338.08,925131.93
177.9,497760.14
191.61,538152.58
149.01,389225.81
321.96,895469.42
216.38,596087.19
276.27,708619.01
291.66,799408.05
145.97,446817.55
174.45,486352.63
303.03,889063.01
152.61,448993.14
286.12,807494.61
331.71,894735.31
233.2,659430.31
269.9,749527.17
289.58,796543.32
301.96,850423.81
162.47,435951.36
55.89,143379.94
164.58,436322.6
248.86,764635.56
179.61,528483.4
272.18,772264.71
150.66,398902.14
236.77,689808.93
97.79,280546.11
272.3,769869.75
209.17,566273.78
103.26,303630.87
130.49,361190.71
272.07,739886.95
189.61,562824.26
106.97,262780.85
339.85,931621.24
261.69,757110.03
336.71,882162.02
172.4,467565.89
187.28,527555.13
318.37,879291.95
202.77,573149.32
259.26,743332.95
118.17,392558.62
178.49,494163.77
78.27,180919.19
103.85,325212.13
40.29,188547.62
52.17,178316.97
342.96,887996.61
115.13,327556.45
245.63,661166.4
300.12,849563.69
210.7,559307.71
87.47,247511.49
265.72,716718.31
226.08,645965.56
266.69,738322.25
278.62,784401.75
342.38,920193.77
217.8,589879.71
145.91,436007.57
241.02,681030.87
61.22,159220.66
318.19,937687.9
77.01,243393.61
141.63,400551.43
292.88,855883.48
225.17,694928.84
